cod_dep,depto,codigo,codigo_canonico,municipio,region_id,region_nombre,estado_dominio,proporcion_region_id,regla_id,tipo_decision,criterio_operativo,decision_manual_codificada,origen_decision,estado_evidencia,revision_ecologica,fuente_universo,fuente_intervalo,version_metodo
1,Guatemala,,,Lago de Amatitlán,UNIDAD-NO-MUN,Unidad no municipal,unidad_no_municipal,,R-NOMUN-01,unidad_no_municipal,Registro sin código municipal,no_aplica,atributo_directo_de_la_fuente,verificada_en_fuente_inab,no_aplica,INAB_DINAMICA_2016_2020,,1.0.0
1,Guatemala,101,0101,Guatemala,REG-ALT-MON,Altiplano y bosques montanos,fuera_dominio_altiplano_montano,,R-RESIDUAL-01,regla_residual,Código municipal no incluido en ninguna de las cinco listas de correspondencia,si,procedimiento_reconstruido,correspondencia_territorial_experta_codificada,pendiente,INAB_DINAMICA_2016_2020,,1.0.0
1,Guatemala,102,0102,Santa Catarina Pinula,REG-ALT-MON,Altiplano y bosques montanos,fuera_dominio_altiplano_montano,,R-RESIDUAL-01,regla_residual,Código municipal no incluido en ninguna de las cinco listas de correspondencia,si,procedimiento_reconstruido,correspondencia_territorial_experta_codificada,pendiente,INAB_DINAMICA_2016_2020,,1.0.0
1,Guatemala,103,0103,San José Pinula,REG-ALT-MON,Altiplano y bosques montanos,fuera_dominio_altiplano_montano,,R-RESIDUAL-01,regla_residual,Código municipal no incluido en ninguna de las cinco listas de correspondencia,si,procedimiento_reconstruido,correspondencia_territorial_experta_codificada,pendiente,INAB_DINAMICA_2016_2020,,1.0.0
1,Guatemala,104,0104,San José del Golfo,REG-SEC-MOT,Corredor seco y valle del Motagua,elegible_recuperacion_20_anios,REG-SEC-MOT,R-SEC-MOT-01,lista_explicita,"Valles secos interiores, Motagua y Salamá-Chixoy",si,procedimiento_reconstruido,correspondencia_territorial_experta_codificada,pendiente,INAB_DINAMICA_2016_2020,POORTER_ET_AL_2016,1.0.0
1,Guatemala,105,0105,Palencia,REG-SEC-MOT,Corredor seco y valle del Motagua,elegible_recuperacion_20_anios,REG-SEC-MOT,R-SEC-MOT-01,lista_explicita,"Valles secos interiores, Motagua y Salamá-Chixoy",si,procedimiento_reconstruido,correspondencia_territorial_experta_codificada,pendiente,INAB_DINAMICA_2016_2020,POORTER_ET_AL_2016,1.0.0
1,Guatemala,106,0106,Chinautla,REG-ALT-MON,Altiplano y bosques montanos,fuera_dominio_altiplano_montano,,R-RESIDUAL-01,regla_residual,Código municipal no incluido en ninguna de las cinco listas de correspondencia,si,procedimiento_reconstruido,correspondencia_territorial_experta_codificada,pendiente,INAB_DINAMICA_2016_2020,,1.0.0
1,Guatemala,107,0107,San Pedro Ayampuc,REG-SEC-MOT,Corredor seco y valle del Motagua,elegible_recuperacion_20_anios,REG-SEC-MOT,R-SEC-MOT-01,lista_explicita,"Valles secos interiores, Motagua y Salamá-Chixoy",si,procedimiento_reconstruido,correspondencia_territorial_experta_codificada,pendiente,INAB_DINAMICA_2016_2020,POORTER_ET_AL_2016,1.0.0
1,Guatemala,108,0108,Mixco,REG-ALT-MON,Altiplano y bosques montanos,fuera_dominio_altiplano_montano,,R-RESIDUAL-01,regla_residual,Código municipal no incluido en ninguna de las cinco listas de correspondencia,si,procedimiento_reconstruido,correspondencia_territorial_experta_codificada,pendiente,INAB_DINAMICA_2016_2020,,1.0.0
1,Guatemala,109,0109,San Pedro Sacatepéquez,REG-ALT-MON,Altiplano y bosques montanos,fuera_dominio_altiplano_montano,,R-RESIDUAL-01,regla_residual,Código municipal no incluido en ninguna de las cinco listas de correspondencia,si,procedimiento_reconstruido,correspondencia_territorial_experta_codificada,pendiente,INAB_DINAMICA_2016_2020,,1.0.0
1,Guatemala,110,0110,San Juan Sacatepéquez,REG-ALT-MON,Altiplano y bosques montanos,fuera_dominio_altiplano_montano,,R-RESIDUAL-01,regla_residual,Código municipal no incluido en ninguna de las cinco listas de correspondencia,si,procedimiento_reconstruido,correspondencia_territorial_experta_codificada,pendiente,INAB_DINAMICA_2016_2020,,1.0.0
1,Guatemala,111,0111,San Raymundo,REG-ALT-MON,Altiplano y bosques montanos,fuera_dominio_altiplano_montano,,R-RESIDUAL-01,regla_residual,Código municipal no incluido en ninguna de las cinco listas de correspondencia,si,procedimiento_reconstruido,correspondencia_territorial_experta_codificada,pendiente,INAB_DINAMICA_2016_2020,,1.0.0
1,Guatemala,112,0112,Chuarrancho,REG-SEC-MOT,Corredor seco y valle del Motagua,elegible_recuperacion_20_anios,REG-SEC-MOT,R-SEC-MOT-01,lista_explicita,"Valles secos interiores, Motagua y Salamá-Chixoy",si,procedimiento_reconstruido,correspondencia_territorial_experta_codificada,pendiente,INAB_DINAMICA_2016_2020,POORTER_ET_AL_2016,1.0.0
1,Guatemala,113,0113,Fraijanes,REG-ALT-MON,Altiplano y bosques montanos,fuera_dominio_altiplano_montano,,R-RESIDUAL-01,regla_residual,Código municipal no incluido en ninguna de las cinco listas de correspondencia,si,procedimiento_reconstruido,correspondencia_territorial_experta_codificada,pendiente,INAB_DINAMICA_2016_2020,,1.0.0
1,Guatemala,114,0114,Amatitlán,REG-ALT-MON,Altiplano y bosques montanos,fuera_dominio_altiplano_montano,,R-RESIDUAL-01,regla_residual,Código municipal no incluido en ninguna de las cinco listas de correspondencia,si,procedimiento_reconstruido,correspondencia_territorial_experta_codificada,pendiente,INAB_DINAMICA_2016_2020,,1.0.0
1,Guatemala,115,0115,Villa Nueva,REG-ALT-MON,Altiplano y bosques montanos,fuera_dominio_altiplano_montano,,R-RESIDUAL-01,regla_residual,Código municipal no incluido en ninguna de las cinco listas de correspondencia,si,procedimiento_reconstruido,correspondencia_territorial_experta_codificada,pendiente,INAB_DINAMICA_2016_2020,,1.0.0
1,Guatemala,116,0116,Villa Canales,REG-ALT-MON,Altiplano y bosques montanos,fuera_dominio_altiplano_montano,,R-RESIDUAL-01,regla_residual,Código municipal no incluido en ninguna de las cinco listas de correspondencia,si,procedimiento_reconstruido,correspondencia_territorial_experta_codificada,pendiente,INAB_DINAMICA_2016_2020,,1.0.0
1,Guatemala,117,0117,Petapa,REG-ALT-MON,Altiplano y bosques montanos,fuera_dominio_altiplano_montano,,R-RESIDUAL-01,regla_residual,Código municipal no incluido en ninguna de las cinco listas de correspondencia,si,procedimiento_reconstruido,correspondencia_territorial_experta_codificada,pendiente,INAB_DINAMICA_2016_2020,,1.0.0
2,El Progreso,201,0201,Guastatoya,REG-SEC-MOT,Corredor seco y valle del Motagua,elegible_recuperacion_20_anios,REG-SEC-MOT,R-SEC-MOT-01,lista_explicita,"Valles secos interiores, Motagua y Salamá-Chixoy",si,procedimiento_reconstruido,correspondencia_territorial_experta_codificada,pendiente,INAB_DINAMICA_2016_2020,POORTER_ET_AL_2016,1.0.0
2,El Progreso,202,0202,Morazán,REG-SEC-MOT,Corredor seco y valle del Motagua,elegible_recuperacion_20_anios,REG-SEC-MOT,R-SEC-MOT-01,lista_explicita,"Valles secos interiores, Motagua y Salamá-Chixoy",si,procedimiento_reconstruido,correspondencia_territorial_experta_codificada,pendiente,INAB_DINAMICA_2016_2020,POORTER_ET_AL_2016,1.0.0
2,El Progreso,203,0203,San Agustín Acasaguastlán,REG-SEC-MOT,Corredor seco y valle del Motagua,elegible_recuperacion_20_anios,REG-SEC-MOT,R-SEC-MOT-01,lista_explicita,"Valles secos interiores, Motagua y Salamá-Chixoy",si,procedimiento_reconstruido,correspondencia_territorial_experta_codificada,pendiente,INAB_DINAMICA_2016_2020,POORTER_ET_AL_2016,1.0.0
2,El Progreso,204,0204,San Cristóbal Acasaguastlán,REG-SEC-MOT,Corredor seco y valle del Motagua,elegible_recuperacion_20_anios,REG-SEC-MOT,R-SEC-MOT-01,lista_explicita,"Valles secos interiores, Motagua y Salamá-Chixoy",si,procedimiento_reconstruido,correspondencia_territorial_experta_codificada,pendiente,INAB_DINAMICA_2016_2020,POORTER_ET_AL_2016,1.0.0
2,El Progreso,205,0205,El Jícaro,REG-SEC-MOT,Corredor seco y valle del Motagua,elegible_recuperacion_20_anios,REG-SEC-MOT,R-SEC-MOT-01,lista_explicita,"Valles secos interiores, Motagua y Salamá-Chixoy",si,procedimiento_reconstruido,correspondencia_territorial_experta_codificada,pendiente,INAB_DINAMICA_2016_2020,POORTER_ET_AL_2016,1.0.0
2,El Progreso,206,0206,Sansare,REG-SEC-MOT,Corredor seco y valle del Motagua,elegible_recuperacion_20_anios,REG-SEC-MOT,R-SEC-MOT-01,lista_explicita,"Valles secos interiores, Motagua y Salamá-Chixoy",si,procedimiento_reconstruido,correspondencia_territorial_experta_codificada,pendiente,INAB_DINAMICA_2016_2020,POORTER_ET_AL_2016,1.0.0
2,El Progreso,207,0207,Sanarate,REG-SEC-MOT,Corredor seco y valle del Motagua,elegible_recuperacion_20_anios,REG-SEC-MOT,R-SEC-MOT-01,lista_explicita,"Valles secos interiores, Motagua y Salamá-Chixoy",si,procedimiento_reconstruido,correspondencia_territorial_experta_codificada,pendiente,INAB_DINAMICA_2016_2020,POORTER_ET_AL_2016,1.0.0
2,El Progreso,208,0208,San Antonio La Paz,REG-SEC-MOT,Corredor seco y valle del Motagua,elegible_recuperacion_20_anios,REG-SEC-MOT,R-SEC-MOT-01,lista_explicita,"Valles secos interiores, Motagua y Salamá-Chixoy",si,procedimiento_reconstruido,correspondencia_territorial_experta_codificada,pendiente,INAB_DINAMICA_2016_2020,POORTER_ET_AL_2016,1.0.0
3,Sacatepéquez,301,0301,Antigua Guatemala,REG-ALT-MON,Altiplano y bosques montanos,fuera_dominio_altiplano_montano,,R-RESIDUAL-01,regla_residual,Código municipal no incluido en ninguna de las cinco listas de correspondencia,si,procedimiento_reconstruido,correspondencia_territorial_experta_codificada,pendiente,INAB_DINAMICA_2016_2020,,1.0.0
3,Sacatepéquez,302,0302,Jocotenango,REG-ALT-MON,Altiplano y bosques montanos,fuera_dominio_altiplano_montano,,R-RESIDUAL-01,regla_residual,Código municipal no incluido en ninguna de las cinco listas de correspondencia,si,procedimiento_reconstruido,correspondencia_territorial_experta_codificada,pendiente,INAB_DINAMICA_2016_2020,,1.0.0
3,Sacatepéquez,303,0303,Pastores,REG-ALT-MON,Altiplano y bosques montanos,fuera_dominio_altiplano_montano,,R-RESIDUAL-01,regla_residual,Código municipal no incluido en ninguna de las cinco listas de correspondencia,si,procedimiento_reconstruido,correspondencia_territorial_experta_codificada,pendiente,INAB_DINAMICA_2016_2020,,1.0.0
3,Sacatepéquez,304,0304,Sumpango,REG-ALT-MON,Altiplano y bosques montanos,fuera_dominio_altiplano_montano,,R-RESIDUAL-01,regla_residual,Código municipal no incluido en ninguna de las cinco listas de correspondencia,si,procedimiento_reconstruido,correspondencia_territorial_experta_codificada,pendiente,INAB_DINAMICA_2016_2020,,1.0.0
3,Sacatepéquez,305,0305,Santo Domingo Xenacoj,REG-ALT-MON,Altiplano y bosques montanos,fuera_dominio_altiplano_montano,,R-RESIDUAL-01,regla_residual,Código municipal no incluido en ninguna de las cinco listas de correspondencia,si,procedimiento_reconstruido,correspondencia_territorial_experta_codificada,pendiente,INAB_DINAMICA_2016_2020,,1.0.0
3,Sacatepéquez,306,0306,Santiago Sacatepéquez,REG-ALT-MON,Altiplano y bosques montanos,fuera_dominio_altiplano_montano,,R-RESIDUAL-01,regla_residual,Código municipal no incluido en ninguna de las cinco listas de correspondencia,si,procedimiento_reconstruido,correspondencia_territorial_experta_codificada,pendiente,INAB_DINAMICA_2016_2020,,1.0.0
3,Sacatepéquez,307,0307,San Bartolomé Milpas Altas,REG-ALT-MON,Altiplano y bosques montanos,fuera_dominio_altiplano_montano,,R-RESIDUAL-01,regla_residual,Código municipal no incluido en ninguna de las cinco listas de correspondencia,si,procedimiento_reconstruido,correspondencia_territorial_experta_codificada,pendiente,INAB_DINAMICA_2016_2020,,1.0.0
3,Sacatepéquez,308,0308,San Lucas Sacatepéquez,REG-ALT-MON,Altiplano y bosques montanos,fuera_dominio_altiplano_montano,,R-RESIDUAL-01,regla_residual,Código municipal no incluido en ninguna de las cinco listas de correspondencia,si,procedimiento_reconstruido,correspondencia_territorial_experta_codificada,pendiente,INAB_DINAMICA_2016_2020,,1.0.0
3,Sacatepéquez,309,0309,Santa Lucía Milpas Altas,REG-ALT-MON,Altiplano y bosques montanos,fuera_dominio_altiplano_montano,,R-RESIDUAL-01,regla_residual,Código municipal no incluido en ninguna de las cinco listas de correspondencia,si,procedimiento_reconstruido,correspondencia_territorial_experta_codificada,pendiente,INAB_DINAMICA_2016_2020,,1.0.0
3,Sacatepéquez,310,0310,Magdalena Milpas Altas,REG-ALT-MON,Altiplano y bosques montanos,fuera_dominio_altiplano_montano,,R-RESIDUAL-01,regla_residual,Código municipal no incluido en ninguna de las cinco listas de correspondencia,si,procedimiento_reconstruido,correspondencia_territorial_experta_codificada,pendiente,INAB_DINAMICA_2016_2020,,1.0.0
3,Sacatepéquez,311,0311,Santa María de Jesús,REG-ALT-MON,Altiplano y bosques montanos,fuera_dominio_altiplano_montano,,R-RESIDUAL-01,regla_residual,Código municipal no incluido en ninguna de las cinco listas de correspondencia,si,procedimiento_reconstruido,correspondencia_territorial_experta_codificada,pendiente,INAB_DINAMICA_2016_2020,,1.0.0
3,Sacatepéquez,312,0312,Ciudad Vieja,REG-ALT-MON,Altiplano y bosques montanos,fuera_dominio_altiplano_montano,,R-RESIDUAL-01,regla_residual,Código municipal no incluido en ninguna de las cinco listas de correspondencia,si,procedimiento_reconstruido,correspondencia_territorial_experta_codificada,pendiente,INAB_DINAMICA_2016_2020,,1.0.0
3,Sacatepéquez,313,0313,San Miguel Dueñas,REG-ALT-MON,Altiplano y bosques montanos,fuera_dominio_altiplano_montano,,R-RESIDUAL-01,regla_residual,Código municipal no incluido en ninguna de las cinco listas de correspondencia,si,procedimiento_reconstruido,correspondencia_territorial_experta_codificada,pendiente,INAB_DINAMICA_2016_2020,,1.0.0
3,Sacatepéquez,314,0314,Alotenango,REG-ALT-MON,Altiplano y bosques montanos,fuera_dominio_altiplano_montano,,R-RESIDUAL-01,regla_residual,Código municipal no incluido en ninguna de las cinco listas de correspondencia,si,procedimiento_reconstruido,correspondencia_territorial_experta_codificada,pendiente,INAB_DINAMICA_2016_2020,,1.0.0
3,Sacatepéquez,315,0315,San Antonio Aguas Calientes,REG-ALT-MON,Altiplano y bosques montanos,fuera_dominio_altiplano_montano,,R-RESIDUAL-01,regla_residual,Código municipal no incluido en ninguna de las cinco listas de correspondencia,si,procedimiento_reconstruido,correspondencia_territorial_experta_codificada,pendiente,INAB_DINAMICA_2016_2020,,1.0.0
3,Sacatepéquez,316,0316,Santa Catarina Barahona,REG-ALT-MON,Altiplano y bosques montanos,fuera_dominio_altiplano_montano,,R-RESIDUAL-01,regla_residual,Código municipal no incluido en ninguna de las cinco listas de correspondencia,si,procedimiento_reconstruido,correspondencia_territorial_experta_codificada,pendiente,INAB_DINAMICA_2016_2020,,1.0.0
4,Chimaltenango,401,0401,Chimaltenango,REG-ALT-MON,Altiplano y bosques montanos,fuera_dominio_altiplano_montano,,R-RESIDUAL-01,regla_residual,Código municipal no incluido en ninguna de las cinco listas de correspondencia,si,procedimiento_reconstruido,correspondencia_territorial_experta_codificada,pendiente,INAB_DINAMICA_2016_2020,,1.0.0
4,Chimaltenango,402,0402,San José Poaquil,REG-ALT-MON,Altiplano y bosques montanos,fuera_dominio_altiplano_montano,,R-RESIDUAL-01,regla_residual,Código municipal no incluido en ninguna de las cinco listas de correspondencia,si,procedimiento_reconstruido,correspondencia_territorial_experta_codificada,pendiente,INAB_DINAMICA_2016_2020,,1.0.0
4,Chimaltenango,403,0403,San Martín Jilotepeque,REG-ALT-MON,Altiplano y bosques montanos,fuera_dominio_altiplano_montano,,R-RESIDUAL-01,regla_residual,Código municipal no incluido en ninguna de las cinco listas de correspondencia,si,procedimiento_reconstruido,correspondencia_territorial_experta_codificada,pendiente,INAB_DINAMICA_2016_2020,,1.0.0
4,Chimaltenango,404,0404,Comalapa,REG-ALT-MON,Altiplano y bosques montanos,fuera_dominio_altiplano_montano,,R-RESIDUAL-01,regla_residual,Código municipal no incluido en ninguna de las cinco listas de correspondencia,si,procedimiento_reconstruido,correspondencia_territorial_experta_codificada,pendiente,INAB_DINAMICA_2016_2020,,1.0.0
4,Chimaltenango,405,0405,Santa Apolonia,REG-ALT-MON,Altiplano y bosques montanos,fuera_dominio_altiplano_montano,,R-RESIDUAL-01,regla_residual,Código municipal no incluido en ninguna de las cinco listas de correspondencia,si,procedimiento_reconstruido,correspondencia_territorial_experta_codificada,pendiente,INAB_DINAMICA_2016_2020,,1.0.0
4,Chimaltenango,406,0406,Tecpán Guatemala,REG-ALT-MON,Altiplano y bosques montanos,fuera_dominio_altiplano_montano,,R-RESIDUAL-01,regla_residual,Código municipal no incluido en ninguna de las cinco listas de correspondencia,si,procedimiento_reconstruido,correspondencia_territorial_experta_codificada,pendiente,INAB_DINAMICA_2016_2020,,1.0.0
4,Chimaltenango,407,0407,Patzún,REG-ALT-MON,Altiplano y bosques montanos,fuera_dominio_altiplano_montano,,R-RESIDUAL-01,regla_residual,Código municipal no incluido en ninguna de las cinco listas de correspondencia,si,procedimiento_reconstruido,correspondencia_territorial_experta_codificada,pendiente,INAB_DINAMICA_2016_2020,,1.0.0
4,Chimaltenango,408,0408,Pochuta,REG-TB-HUM,"Tierras bajas húmedas del Caribe, Izabal y Pacífico",elegible_recuperacion_20_anios,REG-TB-HUM,R-TB-HUM-01,lista_explicita,"Caribe, costa y bocacosta húmeda del Pacífico y Costa Cuca",si,procedimiento_reconstruido,correspondencia_territorial_experta_codificada,pendiente,INAB_DINAMICA_2016_2020,POORTER_ET_AL_2016,1.0.0
4,Chimaltenango,409,0409,Patzicía,REG-ALT-MON,Altiplano y bosques montanos,fuera_dominio_altiplano_montano,,R-RESIDUAL-01,regla_residual,Código municipal no incluido en ninguna de las cinco listas de correspondencia,si,procedimiento_reconstruido,correspondencia_territorial_experta_codificada,pendiente,INAB_DINAMICA_2016_2020,,1.0.0
4,Chimaltenango,410,0410,Santa Cruz Balanyá,REG-ALT-MON,Altiplano y bosques montanos,fuera_dominio_altiplano_montano,,R-RESIDUAL-01,regla_residual,Código municipal no incluido en ninguna de las cinco listas de correspondencia,si,procedimiento_reconstruido,correspondencia_territorial_experta_codificada,pendiente,INAB_DINAMICA_2016_2020,,1.0.0
4,Chimaltenango,411,0411,Acatenango,REG-ALT-MON,Altiplano y bosques montanos,fuera_dominio_altiplano_montano,,R-RESIDUAL-01,regla_residual,Código municipal no incluido en ninguna de las cinco listas de correspondencia,si,procedimiento_reconstruido,correspondencia_territorial_experta_codificada,pendiente,INAB_DINAMICA_2016_2020,,1.0.0
4,Chimaltenango,412,0412,Yepocapa,REG-TB-HUM,"Tierras bajas húmedas del Caribe, Izabal y Pacífico",elegible_recuperacion_20_anios,REG-TB-HUM,R-TB-HUM-01,lista_explicita,"Caribe, costa y bocacosta húmeda del Pacífico y Costa Cuca",si,procedimiento_reconstruido,correspondencia_territorial_experta_codificada,pendiente,INAB_DINAMICA_2016_2020,POORTER_ET_AL_2016,1.0.0
4,Chimaltenango,413,0413,San Andrés Itzapa,REG-ALT-MON,Altiplano y bosques montanos,fuera_dominio_altiplano_montano,,R-RESIDUAL-01,regla_residual,Código municipal no incluido en ninguna de las cinco listas de correspondencia,si,procedimiento_reconstruido,correspondencia_territorial_experta_codificada,pendiente,INAB_DINAMICA_2016_2020,,1.0.0
4,Chimaltenango,414,0414,Parramos,REG-ALT-MON,Altiplano y bosques montanos,fuera_dominio_altiplano_montano,,R-RESIDUAL-01,regla_residual,Código municipal no incluido en ninguna de las cinco listas de correspondencia,si,procedimiento_reconstruido,correspondencia_territorial_experta_codificada,pendiente,INAB_DINAMICA_2016_2020,,1.0.0
4,Chimaltenango,415,0415,Zaragoza,REG-ALT-MON,Altiplano y bosques montanos,fuera_dominio_altiplano_montano,,R-RESIDUAL-01,regla_residual,Código municipal no incluido en ninguna de las cinco listas de correspondencia,si,procedimiento_reconstruido,correspondencia_territorial_experta_codificada,pendiente,INAB_DINAMICA_2016_2020,,1.0.0
4,Chimaltenango,416,0416,El Tejar,REG-ALT-MON,Altiplano y bosques montanos,fuera_dominio_altiplano_montano,,R-RESIDUAL-01,regla_residual,Código municipal no incluido en ninguna de las cinco listas de correspondencia,si,procedimiento_reconstruido,correspondencia_territorial_experta_codificada,pendiente,INAB_DINAMICA_2016_2020,,1.0.0
5,Escuintla,501,0501,Escuintla,REG-TB-HUM,"Tierras bajas húmedas del Caribe, Izabal y Pacífico",elegible_recuperacion_20_anios,REG-TB-HUM,R-TB-HUM-01,lista_explicita,"Caribe, costa y bocacosta húmeda del Pacífico y Costa Cuca",si,procedimiento_reconstruido,correspondencia_territorial_experta_codificada,pendiente,INAB_DINAMICA_2016_2020,POORTER_ET_AL_2016,1.0.0
5,Escuintla,502,0502,Santa Lucia Cotzulmalguapa,REG-TB-HUM,"Tierras bajas húmedas del Caribe, Izabal y Pacífico",elegible_recuperacion_20_anios,REG-TB-HUM,R-TB-HUM-01,lista_explicita,"Caribe, costa y bocacosta húmeda del Pacífico y Costa Cuca",si,procedimiento_reconstruido,correspondencia_territorial_experta_codificada,pendiente,INAB_DINAMICA_2016_2020,POORTER_ET_AL_2016,1.0.0
5,Escuintla,503,0503,La Democracia,REG-TB-HUM,"Tierras bajas húmedas del Caribe, Izabal y Pacífico",elegible_recuperacion_20_anios,REG-TB-HUM,R-TB-HUM-01,lista_explicita,"Caribe, costa y bocacosta húmeda del Pacífico y Costa Cuca",si,procedimiento_reconstruido,correspondencia_territorial_experta_codificada,pendiente,INAB_DINAMICA_2016_2020,POORTER_ET_AL_2016,1.0.0
5,Escuintla,504,0504,Siquinalá,REG-TB-HUM,"Tierras bajas húmedas del Caribe, Izabal y Pacífico",elegible_recuperacion_20_anios,REG-TB-HUM,R-TB-HUM-01,lista_explicita,"Caribe, costa y bocacosta húmeda del Pacífico y Costa Cuca",si,procedimiento_reconstruido,correspondencia_territorial_experta_codificada,pendiente,INAB_DINAMICA_2016_2020,POORTER_ET_AL_2016,1.0.0
5,Escuintla,505,0505,Masagua,REG-TB-HUM,"Tierras bajas húmedas del Caribe, Izabal y Pacífico",elegible_recuperacion_20_anios,REG-TB-HUM,R-TB-HUM-01,lista_explicita,"Caribe, costa y bocacosta húmeda del Pacífico y Costa Cuca",si,procedimiento_reconstruido,correspondencia_territorial_experta_codificada,pendiente,INAB_DINAMICA_2016_2020,POORTER_ET_AL_2016,1.0.0
5,Escuintla,506,0506,Tiquisate,REG-TB-HUM,"Tierras bajas húmedas del Caribe, Izabal y Pacífico",elegible_recuperacion_20_anios,REG-TB-HUM,R-TB-HUM-01,lista_explicita,"Caribe, costa y bocacosta húmeda del Pacífico y Costa Cuca",si,procedimiento_reconstruido,correspondencia_territorial_experta_codificada,pendiente,INAB_DINAMICA_2016_2020,POORTER_ET_AL_2016,1.0.0
5,Escuintla,507,0507,La Gomera,REG-TB-HUM,"Tierras bajas húmedas del Caribe, Izabal y Pacífico",elegible_recuperacion_20_anios,REG-TB-HUM,R-TB-HUM-01,lista_explicita,"Caribe, costa y bocacosta húmeda del Pacífico y Costa Cuca",si,procedimiento_reconstruido,correspondencia_territorial_experta_codificada,pendiente,INAB_DINAMICA_2016_2020,POORTER_ET_AL_2016,1.0.0
5,Escuintla,508,0508,Guanagazapa,REG-TB-HUM,"Tierras bajas húmedas del Caribe, Izabal y Pacífico",elegible_recuperacion_20_anios,REG-TB-HUM,R-TB-HUM-01,lista_explicita,"Caribe, costa y bocacosta húmeda del Pacífico y Costa Cuca",si,procedimiento_reconstruido,correspondencia_territorial_experta_codificada,pendiente,INAB_DINAMICA_2016_2020,POORTER_ET_AL_2016,1.0.0
5,Escuintla,509,0509,San José,REG-TB-HUM,"Tierras bajas húmedas del Caribe, Izabal y Pacífico",elegible_recuperacion_20_anios,REG-TB-HUM,R-TB-HUM-01,lista_explicita,"Caribe, costa y bocacosta húmeda del Pacífico y Costa Cuca",si,procedimiento_reconstruido,correspondencia_territorial_experta_codificada,pendiente,INAB_DINAMICA_2016_2020,POORTER_ET_AL_2016,1.0.0
5,Escuintla,510,0510,Iztapa,REG-TB-HUM,"Tierras bajas húmedas del Caribe, Izabal y Pacífico",elegible_recuperacion_20_anios,REG-TB-HUM,R-TB-HUM-01,lista_explicita,"Caribe, costa y bocacosta húmeda del Pacífico y Costa Cuca",si,procedimiento_reconstruido,correspondencia_territorial_experta_codificada,pendiente,INAB_DINAMICA_2016_2020,POORTER_ET_AL_2016,1.0.0
5,Escuintla,511,0511,Palín,REG-ALT-MON,Altiplano y bosques montanos,fuera_dominio_altiplano_montano,,R-RESIDUAL-01,regla_residual,Código municipal no incluido en ninguna de las cinco listas de correspondencia,si,procedimiento_reconstruido,correspondencia_territorial_experta_codificada,pendiente,INAB_DINAMICA_2016_2020,,1.0.0
5,Escuintla,512,0512,San Vicente Pacaya,REG-ALT-MON,Altiplano y bosques montanos,fuera_dominio_altiplano_montano,,R-RESIDUAL-01,regla_residual,Código municipal no incluido en ninguna de las cinco listas de correspondencia,si,procedimiento_reconstruido,correspondencia_territorial_experta_codificada,pendiente,INAB_DINAMICA_2016_2020,,1.0.0
5,Escuintla,513,0513,Nueva Concepción,REG-TB-HUM,"Tierras bajas húmedas del Caribe, Izabal y Pacífico",elegible_recuperacion_20_anios,REG-TB-HUM,R-TB-HUM-01,lista_explicita,"Caribe, costa y bocacosta húmeda del Pacífico y Costa Cuca",si,procedimiento_reconstruido,correspondencia_territorial_experta_codificada,pendiente,INAB_DINAMICA_2016_2020,POORTER_ET_AL_2016,1.0.0
5,Escuintla,514,0514,Sipacate,REG-TB-HUM,"Tierras bajas húmedas del Caribe, Izabal y Pacífico",elegible_recuperacion_20_anios,REG-TB-HUM,R-TB-HUM-01,lista_explicita,"Caribe, costa y bocacosta húmeda del Pacífico y Costa Cuca",si,procedimiento_reconstruido,correspondencia_territorial_experta_codificada,pendiente,INAB_DINAMICA_2016_2020,POORTER_ET_AL_2016,1.0.0
6,Santa Rosa,601,0601,Cuilapa,REG-ALT-MON,Altiplano y bosques montanos,fuera_dominio_altiplano_montano,,R-RESIDUAL-01,regla_residual,Código municipal no incluido en ninguna de las cinco listas de correspondencia,si,procedimiento_reconstruido,correspondencia_territorial_experta_codificada,pendiente,INAB_DINAMICA_2016_2020,,1.0.0
6,Santa Rosa,602,0602,Barberena,REG-ALT-MON,Altiplano y bosques montanos,fuera_dominio_altiplano_montano,,R-RESIDUAL-01,regla_residual,Código municipal no incluido en ninguna de las cinco listas de correspondencia,si,procedimiento_reconstruido,correspondencia_territorial_experta_codificada,pendiente,INAB_DINAMICA_2016_2020,,1.0.0
6,Santa Rosa,603,0603,Santa Rosa de Lima,REG-ALT-MON,Altiplano y bosques montanos,fuera_dominio_altiplano_montano,,R-RESIDUAL-01,regla_residual,Código municipal no incluido en ninguna de las cinco listas de correspondencia,si,procedimiento_reconstruido,correspondencia_territorial_experta_codificada,pendiente,INAB_DINAMICA_2016_2020,,1.0.0
6,Santa Rosa,604,0604,Casillas,REG-ALT-MON,Altiplano y bosques montanos,fuera_dominio_altiplano_montano,,R-RESIDUAL-01,regla_residual,Código municipal no incluido en ninguna de las cinco listas de correspondencia,si,procedimiento_reconstruido,correspondencia_territorial_experta_codificada,pendiente,INAB_DINAMICA_2016_2020,,1.0.0
6,Santa Rosa,605,0605,San Rafael Las Flores,REG-ALT-MON,Altiplano y bosques montanos,fuera_dominio_altiplano_montano,,R-RESIDUAL-01,regla_residual,Código municipal no incluido en ninguna de las cinco listas de correspondencia,si,procedimiento_reconstruido,correspondencia_territorial_experta_codificada,pendiente,INAB_DINAMICA_2016_2020,,1.0.0
6,Santa Rosa,606,0606,Oratorio,REG-ALT-MON,Altiplano y bosques montanos,fuera_dominio_altiplano_montano,,R-RESIDUAL-01,regla_residual,Código municipal no incluido en ninguna de las cinco listas de correspondencia,si,procedimiento_reconstruido,correspondencia_territorial_experta_codificada,pendiente,INAB_DINAMICA_2016_2020,,1.0.0
6,Santa Rosa,607,0607,San Juan Tecuaco,REG-TB-HUM,"Tierras bajas húmedas del Caribe, Izabal y Pacífico",elegible_recuperacion_20_anios,REG-TB-HUM,R-TB-HUM-01,lista_explicita,"Caribe, costa y bocacosta húmeda del Pacífico y Costa Cuca",si,procedimiento_reconstruido,correspondencia_territorial_experta_codificada,pendiente,INAB_DINAMICA_2016_2020,POORTER_ET_AL_2016,1.0.0
6,Santa Rosa,608,0608,Chiquimulilla,REG-TB-HUM,"Tierras bajas húmedas del Caribe, Izabal y Pacífico",elegible_recuperacion_20_anios,REG-TB-HUM,R-TB-HUM-01,lista_explicita,"Caribe, costa y bocacosta húmeda del Pacífico y Costa Cuca",si,procedimiento_reconstruido,correspondencia_territorial_experta_codificada,pendiente,INAB_DINAMICA_2016_2020,POORTER_ET_AL_2016,1.0.0
6,Santa Rosa,609,0609,Taxisco,REG-TB-HUM,"Tierras bajas húmedas del Caribe, Izabal y Pacífico",elegible_recuperacion_20_anios,REG-TB-HUM,R-TB-HUM-01,lista_explicita,"Caribe, costa y bocacosta húmeda del Pacífico y Costa Cuca",si,procedimiento_reconstruido,correspondencia_territorial_experta_codificada,pendiente,INAB_DINAMICA_2016_2020,POORTER_ET_AL_2016,1.0.0
6,Santa Rosa,610,0610,Santa María Ixhuatán,REG-TB-HUM,"Tierras bajas húmedas del Caribe, Izabal y Pacífico",elegible_recuperacion_20_anios,REG-TB-HUM,R-TB-HUM-01,lista_explicita,"Caribe, costa y bocacosta húmeda del Pacífico y Costa Cuca",si,procedimiento_reconstruido,correspondencia_territorial_experta_codificada,pendiente,INAB_DINAMICA_2016_2020,POORTER_ET_AL_2016,1.0.0
6,Santa Rosa,611,0611,Guazacapán,REG-TB-HUM,"Tierras bajas húmedas del Caribe, Izabal y Pacífico",elegible_recuperacion_20_anios,REG-TB-HUM,R-TB-HUM-01,lista_explicita,"Caribe, costa y bocacosta húmeda del Pacífico y Costa Cuca",si,procedimiento_reconstruido,correspondencia_territorial_experta_codificada,pendiente,INAB_DINAMICA_2016_2020,POORTER_ET_AL_2016,1.0.0
6,Santa Rosa,612,0612,Santa Cruz Naranjo,REG-ALT-MON,Altiplano y bosques montanos,fuera_dominio_altiplano_montano,,R-RESIDUAL-01,regla_residual,Código municipal no incluido en ninguna de las cinco listas de correspondencia,si,procedimiento_reconstruido,correspondencia_territorial_experta_codificada,pendiente,INAB_DINAMICA_2016_2020,,1.0.0
6,Santa Rosa,613,0613,Pueblo Nuevo Viñas,REG-ALT-MON,Altiplano y bosques montanos,fuera_dominio_altiplano_montano,,R-RESIDUAL-01,regla_residual,Código municipal no incluido en ninguna de las cinco listas de correspondencia,si,procedimiento_reconstruido,correspondencia_territorial_experta_codificada,pendiente,INAB_DINAMICA_2016_2020,,1.0.0
6,Santa Rosa,614,0614,Nueva Santa Rosa,REG-ALT-MON,Altiplano y bosques montanos,fuera_dominio_altiplano_montano,,R-RESIDUAL-01,regla_residual,Código municipal no incluido en ninguna de las cinco listas de correspondencia,si,procedimiento_reconstruido,correspondencia_territorial_experta_codificada,pendiente,INAB_DINAMICA_2016_2020,,1.0.0
7,Sololá,,,Lago de Atitlán,UNIDAD-NO-MUN,Unidad no municipal,unidad_no_municipal,,R-NOMUN-01,unidad_no_municipal,Registro sin código municipal,no_aplica,atributo_directo_de_la_fuente,verificada_en_fuente_inab,no_aplica,INAB_DINAMICA_2016_2020,,1.0.0
7,Sololá,701,0701,Sololá,REG-ALT-MON,Altiplano y bosques montanos,fuera_dominio_altiplano_montano,,R-RESIDUAL-01,regla_residual,Código municipal no incluido en ninguna de las cinco listas de correspondencia,si,procedimiento_reconstruido,correspondencia_territorial_experta_codificada,pendiente,INAB_DINAMICA_2016_2020,,1.0.0
7,Sololá,702,0702,San José Chacayá,REG-ALT-MON,Altiplano y bosques montanos,fuera_dominio_altiplano_montano,,R-RESIDUAL-01,regla_residual,Código municipal no incluido en ninguna de las cinco listas de correspondencia,si,procedimiento_reconstruido,correspondencia_territorial_experta_codificada,pendiente,INAB_DINAMICA_2016_2020,,1.0.0
7,Sololá,703,0703,Santa María Visitación,REG-ALT-MON,Altiplano y bosques montanos,fuera_dominio_altiplano_montano,,R-RESIDUAL-01,regla_residual,Código municipal no incluido en ninguna de las cinco listas de correspondencia,si,procedimiento_reconstruido,correspondencia_territorial_experta_codificada,pendiente,INAB_DINAMICA_2016_2020,,1.0.0
7,Sololá,704,0704,Santa Lucía Utatlán,REG-ALT-MON,Altiplano y bosques montanos,fuera_dominio_altiplano_montano,,R-RESIDUAL-01,regla_residual,Código municipal no incluido en ninguna de las cinco listas de correspondencia,si,procedimiento_reconstruido,correspondencia_territorial_experta_codificada,pendiente,INAB_DINAMICA_2016_2020,,1.0.0
7,Sololá,705,0705,Nahualá,REG-ALT-MON,Altiplano y bosques montanos,fuera_dominio_altiplano_montano,,R-RESIDUAL-01,regla_residual,Código municipal no incluido en ninguna de las cinco listas de correspondencia,si,procedimiento_reconstruido,correspondencia_territorial_experta_codificada,pendiente,INAB_DINAMICA_2016_2020,,1.0.0
7,Sololá,706,0706,Santa Catarina Ixtahuacán,REG-ALT-MON,Altiplano y bosques montanos,fuera_dominio_altiplano_montano,,R-RESIDUAL-01,regla_residual,Código municipal no incluido en ninguna de las cinco listas de correspondencia,si,procedimiento_reconstruido,correspondencia_territorial_experta_codificada,pendiente,INAB_DINAMICA_2016_2020,,1.0.0
7,Sololá,707,0707,Santa Clara La Laguna,REG-ALT-MON,Altiplano y bosques montanos,fuera_dominio_altiplano_montano,,R-RESIDUAL-01,regla_residual,Código municipal no incluido en ninguna de las cinco listas de correspondencia,si,procedimiento_reconstruido,correspondencia_territorial_experta_codificada,pendiente,INAB_DINAMICA_2016_2020,,1.0.0
7,Sololá,708,0708,Concepción,REG-ALT-MON,Altiplano y bosques montanos,fuera_dominio_altiplano_montano,,R-RESIDUAL-01,regla_residual,Código municipal no incluido en ninguna de las cinco listas de correspondencia,si,procedimiento_reconstruido,correspondencia_territorial_experta_codificada,pendiente,INAB_DINAMICA_2016_2020,,1.0.0
7,Sololá,709,0709,San Andrés Semetabaj,REG-ALT-MON,Altiplano y bosques montanos,fuera_dominio_altiplano_montano,,R-RESIDUAL-01,regla_residual,Código municipal no incluido en ninguna de las cinco listas de correspondencia,si,procedimiento_reconstruido,correspondencia_territorial_experta_codificada,pendiente,INAB_DINAMICA_2016_2020,,1.0.0
7,Sololá,710,0710,Panajachel,REG-ALT-MON,Altiplano y bosques montanos,fuera_dominio_altiplano_montano,,R-RESIDUAL-01,regla_residual,Código municipal no incluido en ninguna de las cinco listas de correspondencia,si,procedimiento_reconstruido,correspondencia_territorial_experta_codificada,pendiente,INAB_DINAMICA_2016_2020,,1.0.0
7,Sololá,711,0711,Santa Catarina Palopó,REG-ALT-MON,Altiplano y bosques montanos,fuera_dominio_altiplano_montano,,R-RESIDUAL-01,regla_residual,Código municipal no incluido en ninguna de las cinco listas de correspondencia,si,procedimiento_reconstruido,correspondencia_territorial_experta_codificada,pendiente,INAB_DINAMICA_2016_2020,,1.0.0
7,Sololá,712,0712,San Antonio Palopó,REG-ALT-MON,Altiplano y bosques montanos,fuera_dominio_altiplano_montano,,R-RESIDUAL-01,regla_residual,Código municipal no incluido en ninguna de las cinco listas de correspondencia,si,procedimiento_reconstruido,correspondencia_territorial_experta_codificada,pendiente,INAB_DINAMICA_2016_2020,,1.0.0
7,Sololá,713,0713,San Lucas Tolimán,REG-ALT-MON,Altiplano y bosques montanos,fuera_dominio_altiplano_montano,,R-RESIDUAL-01,regla_residual,Código municipal no incluido en ninguna de las cinco listas de correspondencia,si,procedimiento_reconstruido,correspondencia_territorial_experta_codificada,pendiente,INAB_DINAMICA_2016_2020,,1.0.0
7,Sololá,714,0714,Santa Cruz La Laguna,REG-ALT-MON,Altiplano y bosques montanos,fuera_dominio_altiplano_montano,,R-RESIDUAL-01,regla_residual,Código municipal no incluido en ninguna de las cinco listas de correspondencia,si,procedimiento_reconstruido,correspondencia_territorial_experta_codificada,pendiente,INAB_DINAMICA_2016_2020,,1.0.0
7,Sololá,715,0715,San Pablo La Laguna,REG-ALT-MON,Altiplano y bosques montanos,fuera_dominio_altiplano_montano,,R-RESIDUAL-01,regla_residual,Código municipal no incluido en ninguna de las cinco listas de correspondencia,si,procedimiento_reconstruido,correspondencia_territorial_experta_codificada,pendiente,INAB_DINAMICA_2016_2020,,1.0.0
7,Sololá,716,0716,San Marcos La Laguna,REG-ALT-MON,Altiplano y bosques montanos,fuera_dominio_altiplano_montano,,R-RESIDUAL-01,regla_residual,Código municipal no incluido en ninguna de las cinco listas de correspondencia,si,procedimiento_reconstruido,correspondencia_territorial_experta_codificada,pendiente,INAB_DINAMICA_2016_2020,,1.0.0
7,Sololá,717,0717,San Juan La Laguna,REG-ALT-MON,Altiplano y bosques montanos,fuera_dominio_altiplano_montano,,R-RESIDUAL-01,regla_residual,Código municipal no incluido en ninguna de las cinco listas de correspondencia,si,procedimiento_reconstruido,correspondencia_territorial_experta_codificada,pendiente,INAB_DINAMICA_2016_2020,,1.0.0
7,Sololá,718,0718,San Pedro La Laguna,REG-ALT-MON,Altiplano y bosques montanos,fuera_dominio_altiplano_montano,,R-RESIDUAL-01,regla_residual,Código municipal no incluido en ninguna de las cinco listas de correspondencia,si,procedimiento_reconstruido,correspondencia_territorial_experta_codificada,pendiente,INAB_DINAMICA_2016_2020,,1.0.0
7,Sololá,719,0719,Santiago Atitlán,REG-ALT-MON,Altiplano y bosques montanos,fuera_dominio_altiplano_montano,,R-RESIDUAL-01,regla_residual,Código municipal no incluido en ninguna de las cinco listas de correspondencia,si,procedimiento_reconstruido,correspondencia_territorial_experta_codificada,pendiente,INAB_DINAMICA_2016_2020,,1.0.0
8,Totonicapán,801,0801,Totonicapán,REG-ALT-MON,Altiplano y bosques montanos,fuera_dominio_altiplano_montano,,R-RESIDUAL-01,regla_residual,Código municipal no incluido en ninguna de las cinco listas de correspondencia,si,procedimiento_reconstruido,correspondencia_territorial_experta_codificada,pendiente,INAB_DINAMICA_2016_2020,,1.0.0
8,Totonicapán,802,0802,San Cristóbal Totonicapán,REG-ALT-MON,Altiplano y bosques montanos,fuera_dominio_altiplano_montano,,R-RESIDUAL-01,regla_residual,Código municipal no incluido en ninguna de las cinco listas de correspondencia,si,procedimiento_reconstruido,correspondencia_territorial_experta_codificada,pendiente,INAB_DINAMICA_2016_2020,,1.0.0
8,Totonicapán,803,0803,San Francisco El Alto,REG-ALT-MON,Altiplano y bosques montanos,fuera_dominio_altiplano_montano,,R-RESIDUAL-01,regla_residual,Código municipal no incluido en ninguna de las cinco listas de correspondencia,si,procedimiento_reconstruido,correspondencia_territorial_experta_codificada,pendiente,INAB_DINAMICA_2016_2020,,1.0.0
8,Totonicapán,804,0804,San Andrés Xecul,REG-ALT-MON,Altiplano y bosques montanos,fuera_dominio_altiplano_montano,,R-RESIDUAL-01,regla_residual,Código municipal no incluido en ninguna de las cinco listas de correspondencia,si,procedimiento_reconstruido,correspondencia_territorial_experta_codificada,pendiente,INAB_DINAMICA_2016_2020,,1.0.0
8,Totonicapán,805,0805,Momostenango,REG-ALT-MON,Altiplano y bosques montanos,fuera_dominio_altiplano_montano,,R-RESIDUAL-01,regla_residual,Código municipal no incluido en ninguna de las cinco listas de correspondencia,si,procedimiento_reconstruido,correspondencia_territorial_experta_codificada,pendiente,INAB_DINAMICA_2016_2020,,1.0.0
8,Totonicapán,806,0806,Santa María Chiquimula,REG-ALT-MON,Altiplano y bosques montanos,fuera_dominio_altiplano_montano,,R-RESIDUAL-01,regla_residual,Código municipal no incluido en ninguna de las cinco listas de correspondencia,si,procedimiento_reconstruido,correspondencia_territorial_experta_codificada,pendiente,INAB_DINAMICA_2016_2020,,1.0.0
8,Totonicapán,807,0807,Santa Lucía La Reforma,REG-ALT-MON,Altiplano y bosques montanos,fuera_dominio_altiplano_montano,,R-RESIDUAL-01,regla_residual,Código municipal no incluido en ninguna de las cinco listas de correspondencia,si,procedimiento_reconstruido,correspondencia_territorial_experta_codificada,pendiente,INAB_DINAMICA_2016_2020,,1.0.0
8,Totonicapán,808,0808,San Bartolo Aguas Calientes,REG-ALT-MON,Altiplano y bosques montanos,fuera_dominio_altiplano_montano,,R-RESIDUAL-01,regla_residual,Código municipal no incluido en ninguna de las cinco listas de correspondencia,si,procedimiento_reconstruido,correspondencia_territorial_experta_codificada,pendiente,INAB_DINAMICA_2016_2020,,1.0.0
9,Quetzaltenango,901,0901,Quetzaltenango,REG-ALT-MON,Altiplano y bosques montanos,fuera_dominio_altiplano_montano,,R-RESIDUAL-01,regla_residual,Código municipal no incluido en ninguna de las cinco listas de correspondencia,si,procedimiento_reconstruido,correspondencia_territorial_experta_codificada,pendiente,INAB_DINAMICA_2016_2020,,1.0.0
9,Quetzaltenango,902,0902,Salcajá,REG-ALT-MON,Altiplano y bosques montanos,fuera_dominio_altiplano_montano,,R-RESIDUAL-01,regla_residual,Código municipal no incluido en ninguna de las cinco listas de correspondencia,si,procedimiento_reconstruido,correspondencia_territorial_experta_codificada,pendiente,INAB_DINAMICA_2016_2020,,1.0.0
9,Quetzaltenango,903,0903,Olintepeque,REG-ALT-MON,Altiplano y bosques montanos,fuera_dominio_altiplano_montano,,R-RESIDUAL-01,regla_residual,Código municipal no incluido en ninguna de las cinco listas de correspondencia,si,procedimiento_reconstruido,correspondencia_territorial_experta_codificada,pendiente,INAB_DINAMICA_2016_2020,,1.0.0
9,Quetzaltenango,904,0904,San Carlos Sija,REG-ALT-MON,Altiplano y bosques montanos,fuera_dominio_altiplano_montano,,R-RESIDUAL-01,regla_residual,Código municipal no incluido en ninguna de las cinco listas de correspondencia,si,procedimiento_reconstruido,correspondencia_territorial_experta_codificada,pendiente,INAB_DINAMICA_2016_2020,,1.0.0
9,Quetzaltenango,905,0905,Sibilia,REG-ALT-MON,Altiplano y bosques montanos,fuera_dominio_altiplano_montano,,R-RESIDUAL-01,regla_residual,Código municipal no incluido en ninguna de las cinco listas de correspondencia,si,procedimiento_reconstruido,correspondencia_territorial_experta_codificada,pendiente,INAB_DINAMICA_2016_2020,,1.0.0
9,Quetzaltenango,906,0906,Cabricán,REG-ALT-MON,Altiplano y bosques montanos,fuera_dominio_altiplano_montano,,R-RESIDUAL-01,regla_residual,Código municipal no incluido en ninguna de las cinco listas de correspondencia,si,procedimiento_reconstruido,correspondencia_territorial_experta_codificada,pendiente,INAB_DINAMICA_2016_2020,,1.0.0
9,Quetzaltenango,907,0907,Cajolá,REG-ALT-MON,Altiplano y bosques montanos,fuera_dominio_altiplano_montano,,R-RESIDUAL-01,regla_residual,Código municipal no incluido en ninguna de las cinco listas de correspondencia,si,procedimiento_reconstruido,correspondencia_territorial_experta_codificada,pendiente,INAB_DINAMICA_2016_2020,,1.0.0
9,Quetzaltenango,908,0908,San Miguel Sigüila,REG-ALT-MON,Altiplano y bosques montanos,fuera_dominio_altiplano_montano,,R-RESIDUAL-01,regla_residual,Código municipal no incluido en ninguna de las cinco listas de correspondencia,si,procedimiento_reconstruido,correspondencia_territorial_experta_codificada,pendiente,INAB_DINAMICA_2016_2020,,1.0.0
9,Quetzaltenango,909,0909,San Juan Ostuncalco,REG-ALT-MON,Altiplano y bosques montanos,fuera_dominio_altiplano_montano,,R-RESIDUAL-01,regla_residual,Código municipal no incluido en ninguna de las cinco listas de correspondencia,si,procedimiento_reconstruido,correspondencia_territorial_experta_codificada,pendiente,INAB_DINAMICA_2016_2020,,1.0.0
9,Quetzaltenango,910,0910,San Mateo,REG-ALT-MON,Altiplano y bosques montanos,fuera_dominio_altiplano_montano,,R-RESIDUAL-01,regla_residual,Código municipal no incluido en ninguna de las cinco listas de correspondencia,si,procedimiento_reconstruido,correspondencia_territorial_experta_codificada,pendiente,INAB_DINAMICA_2016_2020,,1.0.0
9,Quetzaltenango,911,0911,Concepción Chiquirichapa,REG-ALT-MON,Altiplano y bosques montanos,fuera_dominio_altiplano_montano,,R-RESIDUAL-01,regla_residual,Código municipal no incluido en ninguna de las cinco listas de correspondencia,si,procedimiento_reconstruido,correspondencia_territorial_experta_codificada,pendiente,INAB_DINAMICA_2016_2020,,1.0.0
9,Quetzaltenango,912,0912,San Martín Sacatepéquez,REG-ALT-MON,Altiplano y bosques montanos,fuera_dominio_altiplano_montano,,R-RESIDUAL-01,regla_residual,Código municipal no incluido en ninguna de las cinco listas de correspondencia,si,procedimiento_reconstruido,correspondencia_territorial_experta_codificada,pendiente,INAB_DINAMICA_2016_2020,,1.0.0
9,Quetzaltenango,913,0913,Almolonga,REG-ALT-MON,Altiplano y bosques montanos,fuera_dominio_altiplano_montano,,R-RESIDUAL-01,regla_residual,Código municipal no incluido en ninguna de las cinco listas de correspondencia,si,procedimiento_reconstruido,correspondencia_territorial_experta_codificada,pendiente,INAB_DINAMICA_2016_2020,,1.0.0
9,Quetzaltenango,914,0914,Cantel,REG-ALT-MON,Altiplano y bosques montanos,fuera_dominio_altiplano_montano,,R-RESIDUAL-01,regla_residual,Código municipal no incluido en ninguna de las cinco listas de correspondencia,si,procedimiento_reconstruido,correspondencia_territorial_experta_codificada,pendiente,INAB_DINAMICA_2016_2020,,1.0.0
9,Quetzaltenango,915,0915,Huitán,REG-ALT-MON,Altiplano y bosques montanos,fuera_dominio_altiplano_montano,,R-RESIDUAL-01,regla_residual,Código municipal no incluido en ninguna de las cinco listas de correspondencia,si,procedimiento_reconstruido,correspondencia_territorial_experta_codificada,pendiente,INAB_DINAMICA_2016_2020,,1.0.0
9,Quetzaltenango,916,0916,Zunil,REG-ALT-MON,Altiplano y bosques montanos,fuera_dominio_altiplano_montano,,R-RESIDUAL-01,regla_residual,Código municipal no incluido en ninguna de las cinco listas de correspondencia,si,procedimiento_reconstruido,correspondencia_territorial_experta_codificada,pendiente,INAB_DINAMICA_2016_2020,,1.0.0
9,Quetzaltenango,917,0917,Colomba,REG-TB-HUM,"Tierras bajas húmedas del Caribe, Izabal y Pacífico",elegible_recuperacion_20_anios,REG-TB-HUM,R-TB-HUM-01,lista_explicita,"Caribe, costa y bocacosta húmeda del Pacífico y Costa Cuca",si,procedimiento_reconstruido,correspondencia_territorial_experta_codificada,pendiente,INAB_DINAMICA_2016_2020,POORTER_ET_AL_2016,1.0.0
9,Quetzaltenango,918,0918,San Francisco La Unión,REG-ALT-MON,Altiplano y bosques montanos,fuera_dominio_altiplano_montano,,R-RESIDUAL-01,regla_residual,Código municipal no incluido en ninguna de las cinco listas de correspondencia,si,procedimiento_reconstruido,correspondencia_territorial_experta_codificada,pendiente,INAB_DINAMICA_2016_2020,,1.0.0
9,Quetzaltenango,919,0919,El Palmar,REG-TB-HUM,"Tierras bajas húmedas del Caribe, Izabal y Pacífico",elegible_recuperacion_20_anios,REG-TB-HUM,R-TB-HUM-01,lista_explicita,"Caribe, costa y bocacosta húmeda del Pacífico y Costa Cuca",si,procedimiento_reconstruido,correspondencia_territorial_experta_codificada,pendiente,INAB_DINAMICA_2016_2020,POORTER_ET_AL_2016,1.0.0
9,Quetzaltenango,920,0920,Coatepeque,REG-TB-HUM,"Tierras bajas húmedas del Caribe, Izabal y Pacífico",elegible_recuperacion_20_anios,REG-TB-HUM,R-TB-HUM-01,lista_explicita,"Caribe, costa y bocacosta húmeda del Pacífico y Costa Cuca",si,procedimiento_reconstruido,correspondencia_territorial_experta_codificada,pendiente,INAB_DINAMICA_2016_2020,POORTER_ET_AL_2016,1.0.0
9,Quetzaltenango,921,0921,Génova,REG-TB-HUM,"Tierras bajas húmedas del Caribe, Izabal y Pacífico",elegible_recuperacion_20_anios,REG-TB-HUM,R-TB-HUM-01,lista_explicita,"Caribe, costa y bocacosta húmeda del Pacífico y Costa Cuca",si,procedimiento_reconstruido,correspondencia_territorial_experta_codificada,pendiente,INAB_DINAMICA_2016_2020,POORTER_ET_AL_2016,1.0.0
9,Quetzaltenango,922,0922,Flores Costa Cuca,REG-TB-HUM,"Tierras bajas húmedas del Caribe, Izabal y Pacífico",elegible_recuperacion_20_anios,REG-TB-HUM,R-TB-HUM-01,lista_explicita,"Caribe, costa y bocacosta húmeda del Pacífico y Costa Cuca",si,procedimiento_reconstruido,correspondencia_territorial_experta_codificada,pendiente,INAB_DINAMICA_2016_2020,POORTER_ET_AL_2016,1.0.0
9,Quetzaltenango,923,0923,La Esperanza,REG-ALT-MON,Altiplano y bosques montanos,fuera_dominio_altiplano_montano,,R-RESIDUAL-01,regla_residual,Código municipal no incluido en ninguna de las cinco listas de correspondencia,si,procedimiento_reconstruido,correspondencia_territorial_experta_codificada,pendiente,INAB_DINAMICA_2016_2020,,1.0.0
9,Quetzaltenango,924,0924,Palestina de los Altos,REG-ALT-MON,Altiplano y bosques montanos,fuera_dominio_altiplano_montano,,R-RESIDUAL-01,regla_residual,Código municipal no incluido en ninguna de las cinco listas de correspondencia,si,procedimiento_reconstruido,correspondencia_territorial_experta_codificada,pendiente,INAB_DINAMICA_2016_2020,,1.0.0
10,Suchitepéquez,1001,1001,Mazatenango,REG-TB-HUM,"Tierras bajas húmedas del Caribe, Izabal y Pacífico",elegible_recuperacion_20_anios,REG-TB-HUM,R-TB-HUM-01,lista_explicita,"Caribe, costa y bocacosta húmeda del Pacífico y Costa Cuca",si,procedimiento_reconstruido,correspondencia_territorial_experta_codificada,pendiente,INAB_DINAMICA_2016_2020,POORTER_ET_AL_2016,1.0.0
10,Suchitepéquez,1002,1002,Cuyotenango,REG-TB-HUM,"Tierras bajas húmedas del Caribe, Izabal y Pacífico",elegible_recuperacion_20_anios,REG-TB-HUM,R-TB-HUM-01,lista_explicita,"Caribe, costa y bocacosta húmeda del Pacífico y Costa Cuca",si,procedimiento_reconstruido,correspondencia_territorial_experta_codificada,pendiente,INAB_DINAMICA_2016_2020,POORTER_ET_AL_2016,1.0.0
10,Suchitepéquez,1003,1003,San Francisco Zapotitlán,REG-ALT-MON,Altiplano y bosques montanos,fuera_dominio_altiplano_montano,,R-RESIDUAL-01,regla_residual,Código municipal no incluido en ninguna de las cinco listas de correspondencia,si,procedimiento_reconstruido,correspondencia_territorial_experta_codificada,pendiente,INAB_DINAMICA_2016_2020,,1.0.0
10,Suchitepéquez,1004,1004,San Bernardino,REG-TB-HUM,"Tierras bajas húmedas del Caribe, Izabal y Pacífico",elegible_recuperacion_20_anios,REG-TB-HUM,R-TB-HUM-01,lista_explicita,"Caribe, costa y bocacosta húmeda del Pacífico y Costa Cuca",si,procedimiento_reconstruido,correspondencia_territorial_experta_codificada,pendiente,INAB_DINAMICA_2016_2020,POORTER_ET_AL_2016,1.0.0
10,Suchitepéquez,1005,1005,San José El Ídolo,REG-TB-HUM,"Tierras bajas húmedas del Caribe, Izabal y Pacífico",elegible_recuperacion_20_anios,REG-TB-HUM,R-TB-HUM-01,lista_explicita,"Caribe, costa y bocacosta húmeda del Pacífico y Costa Cuca",si,procedimiento_reconstruido,correspondencia_territorial_experta_codificada,pendiente,INAB_DINAMICA_2016_2020,POORTER_ET_AL_2016,1.0.0
10,Suchitepéquez,1006,1006,Santo Domingo Suchitepéquez,REG-TB-HUM,"Tierras bajas húmedas del Caribe, Izabal y Pacífico",elegible_recuperacion_20_anios,REG-TB-HUM,R-TB-HUM-01,lista_explicita,"Caribe, costa y bocacosta húmeda del Pacífico y Costa Cuca",si,procedimiento_reconstruido,correspondencia_territorial_experta_codificada,pendiente,INAB_DINAMICA_2016_2020,POORTER_ET_AL_2016,1.0.0
10,Suchitepéquez,1007,1007,San Lorenzo,REG-TB-HUM,"Tierras bajas húmedas del Caribe, Izabal y Pacífico",elegible_recuperacion_20_anios,REG-TB-HUM,R-TB-HUM-01,lista_explicita,"Caribe, costa y bocacosta húmeda del Pacífico y Costa Cuca",si,procedimiento_reconstruido,correspondencia_territorial_experta_codificada,pendiente,INAB_DINAMICA_2016_2020,POORTER_ET_AL_2016,1.0.0
10,Suchitepéquez,1008,1008,Samayac,REG-ALT-MON,Altiplano y bosques montanos,fuera_dominio_altiplano_montano,,R-RESIDUAL-01,regla_residual,Código municipal no incluido en ninguna de las cinco listas de correspondencia,si,procedimiento_reconstruido,correspondencia_territorial_experta_codificada,pendiente,INAB_DINAMICA_2016_2020,,1.0.0
10,Suchitepéquez,1009,1009,San Pablo Jocopila,REG-ALT-MON,Altiplano y bosques montanos,fuera_dominio_altiplano_montano,,R-RESIDUAL-01,regla_residual,Código municipal no incluido en ninguna de las cinco listas de correspondencia,si,procedimiento_reconstruido,correspondencia_territorial_experta_codificada,pendiente,INAB_DINAMICA_2016_2020,,1.0.0
10,Suchitepéquez,1010,1010,San Antonio Suchitepéquez,REG-TB-HUM,"Tierras bajas húmedas del Caribe, Izabal y Pacífico",elegible_recuperacion_20_anios,REG-TB-HUM,R-TB-HUM-01,lista_explicita,"Caribe, costa y bocacosta húmeda del Pacífico y Costa Cuca",si,procedimiento_reconstruido,correspondencia_territorial_experta_codificada,pendiente,INAB_DINAMICA_2016_2020,POORTER_ET_AL_2016,1.0.0
10,Suchitepéquez,1011,1011,San Miguel Panán,REG-ALT-MON,Altiplano y bosques montanos,fuera_dominio_altiplano_montano,,R-RESIDUAL-01,regla_residual,Código municipal no incluido en ninguna de las cinco listas de correspondencia,si,procedimiento_reconstruido,correspondencia_territorial_experta_codificada,pendiente,INAB_DINAMICA_2016_2020,,1.0.0
10,Suchitepéquez,1012,1012,San Gabriel,REG-TB-HUM,"Tierras bajas húmedas del Caribe, Izabal y Pacífico",elegible_recuperacion_20_anios,REG-TB-HUM,R-TB-HUM-01,lista_explicita,"Caribe, costa y bocacosta húmeda del Pacífico y Costa Cuca",si,procedimiento_reconstruido,correspondencia_territorial_experta_codificada,pendiente,INAB_DINAMICA_2016_2020,POORTER_ET_AL_2016,1.0.0
10,Suchitepéquez,1013,1013,Chicacao,REG-TB-HUM,"Tierras bajas húmedas del Caribe, Izabal y Pacífico",elegible_recuperacion_20_anios,REG-TB-HUM,R-TB-HUM-01,lista_explicita,"Caribe, costa y bocacosta húmeda del Pacífico y Costa Cuca",si,procedimiento_reconstruido,correspondencia_territorial_experta_codificada,pendiente,INAB_DINAMICA_2016_2020,POORTER_ET_AL_2016,1.0.0
10,Suchitepéquez,1014,1014,Patulul,REG-TB-HUM,"Tierras bajas húmedas del Caribe, Izabal y Pacífico",elegible_recuperacion_20_anios,REG-TB-HUM,R-TB-HUM-01,lista_explicita,"Caribe, costa y bocacosta húmeda del Pacífico y Costa Cuca",si,procedimiento_reconstruido,correspondencia_territorial_experta_codificada,pendiente,INAB_DINAMICA_2016_2020,POORTER_ET_AL_2016,1.0.0
10,Suchitepéquez,1015,1015,Santa Bárbara,REG-ALT-MON,Altiplano y bosques montanos,fuera_dominio_altiplano_montano,,R-RESIDUAL-01,regla_residual,Código municipal no incluido en ninguna de las cinco listas de correspondencia,si,procedimiento_reconstruido,correspondencia_territorial_experta_codificada,pendiente,INAB_DINAMICA_2016_2020,,1.0.0
10,Suchitepéquez,1016,1016,San Juan Bautista,REG-ALT-MON,Altiplano y bosques montanos,fuera_dominio_altiplano_montano,,R-RESIDUAL-01,regla_residual,Código municipal no incluido en ninguna de las cinco listas de correspondencia,si,procedimiento_reconstruido,correspondencia_territorial_experta_codificada,pendiente,INAB_DINAMICA_2016_2020,,1.0.0
10,Suchitepéquez,1017,1017,Santo Tomas La Unión,REG-ALT-MON,Altiplano y bosques montanos,fuera_dominio_altiplano_montano,,R-RESIDUAL-01,regla_residual,Código municipal no incluido en ninguna de las cinco listas de correspondencia,si,procedimiento_reconstruido,correspondencia_territorial_experta_codificada,pendiente,INAB_DINAMICA_2016_2020,,1.0.0
10,Suchitepéquez,1018,1018,Zunilito,REG-ALT-MON,Altiplano y bosques montanos,fuera_dominio_altiplano_montano,,R-RESIDUAL-01,regla_residual,Código municipal no incluido en ninguna de las cinco listas de correspondencia,si,procedimiento_reconstruido,correspondencia_territorial_experta_codificada,pendiente,INAB_DINAMICA_2016_2020,,1.0.0
10,Suchitepéquez,1019,1019,Pueblo Nuevo,REG-ALT-MON,Altiplano y bosques montanos,fuera_dominio_altiplano_montano,,R-RESIDUAL-01,regla_residual,Código municipal no incluido en ninguna de las cinco listas de correspondencia,si,procedimiento_reconstruido,correspondencia_territorial_experta_codificada,pendiente,INAB_DINAMICA_2016_2020,,1.0.0
10,Suchitepéquez,1020,1020,Río Bravo,REG-TB-HUM,"Tierras bajas húmedas del Caribe, Izabal y Pacífico",elegible_recuperacion_20_anios,REG-TB-HUM,R-TB-HUM-01,lista_explicita,"Caribe, costa y bocacosta húmeda del Pacífico y Costa Cuca",si,procedimiento_reconstruido,correspondencia_territorial_experta_codificada,pendiente,INAB_DINAMICA_2016_2020,POORTER_ET_AL_2016,1.0.0
10,Suchitepéquez,1021,1021,La Máquina,REG-TB-HUM,"Tierras bajas húmedas del Caribe, Izabal y Pacífico",elegible_recuperacion_20_anios,REG-TB-HUM,R-TB-HUM-01,lista_explicita,"Caribe, costa y bocacosta húmeda del Pacífico y Costa Cuca",si,procedimiento_reconstruido,correspondencia_territorial_experta_codificada,pendiente,INAB_DINAMICA_2016_2020,POORTER_ET_AL_2016,1.0.0
11,Retalhuleu,1101,1101,Retalhuleu,REG-TB-HUM,"Tierras bajas húmedas del Caribe, Izabal y Pacífico",elegible_recuperacion_20_anios,REG-TB-HUM,R-TB-HUM-01,lista_explicita,"Caribe, costa y bocacosta húmeda del Pacífico y Costa Cuca",si,procedimiento_reconstruido,correspondencia_territorial_experta_codificada,pendiente,INAB_DINAMICA_2016_2020,POORTER_ET_AL_2016,1.0.0
11,Retalhuleu,1102,1102,San Sebastián,REG-TB-HUM,"Tierras bajas húmedas del Caribe, Izabal y Pacífico",elegible_recuperacion_20_anios,REG-TB-HUM,R-TB-HUM-01,lista_explicita,"Caribe, costa y bocacosta húmeda del Pacífico y Costa Cuca",si,procedimiento_reconstruido,correspondencia_territorial_experta_codificada,pendiente,INAB_DINAMICA_2016_2020,POORTER_ET_AL_2016,1.0.0
11,Retalhuleu,1103,1103,Santa Cruz Muluá,REG-TB-HUM,"Tierras bajas húmedas del Caribe, Izabal y Pacífico",elegible_recuperacion_20_anios,REG-TB-HUM,R-TB-HUM-01,lista_explicita,"Caribe, costa y bocacosta húmeda del Pacífico y Costa Cuca",si,procedimiento_reconstruido,correspondencia_territorial_experta_codificada,pendiente,INAB_DINAMICA_2016_2020,POORTER_ET_AL_2016,1.0.0
11,Retalhuleu,1104,1104,San Martín Zapotitlán,REG-TB-HUM,"Tierras bajas húmedas del Caribe, Izabal y Pacífico",elegible_recuperacion_20_anios,REG-TB-HUM,R-TB-HUM-01,lista_explicita,"Caribe, costa y bocacosta húmeda del Pacífico y Costa Cuca",si,procedimiento_reconstruido,correspondencia_territorial_experta_codificada,pendiente,INAB_DINAMICA_2016_2020,POORTER_ET_AL_2016,1.0.0
11,Retalhuleu,1105,1105,San Felipe Retalhuleu,REG-TB-HUM,"Tierras bajas húmedas del Caribe, Izabal y Pacífico",elegible_recuperacion_20_anios,REG-TB-HUM,R-TB-HUM-01,lista_explicita,"Caribe, costa y bocacosta húmeda del Pacífico y Costa Cuca",si,procedimiento_reconstruido,correspondencia_territorial_experta_codificada,pendiente,INAB_DINAMICA_2016_2020,POORTER_ET_AL_2016,1.0.0
11,Retalhuleu,1106,1106,San Andrés Villa Seca,REG-TB-HUM,"Tierras bajas húmedas del Caribe, Izabal y Pacífico",elegible_recuperacion_20_anios,REG-TB-HUM,R-TB-HUM-01,lista_explicita,"Caribe, costa y bocacosta húmeda del Pacífico y Costa Cuca",si,procedimiento_reconstruido,correspondencia_territorial_experta_codificada,pendiente,INAB_DINAMICA_2016_2020,POORTER_ET_AL_2016,1.0.0
11,Retalhuleu,1107,1107,Champerico,REG-TB-HUM,"Tierras bajas húmedas del Caribe, Izabal y Pacífico",elegible_recuperacion_20_anios,REG-TB-HUM,R-TB-HUM-01,lista_explicita,"Caribe, costa y bocacosta húmeda del Pacífico y Costa Cuca",si,procedimiento_reconstruido,correspondencia_territorial_experta_codificada,pendiente,INAB_DINAMICA_2016_2020,POORTER_ET_AL_2016,1.0.0
11,Retalhuleu,1108,1108,Nuevo San Carlos,REG-TB-HUM,"Tierras bajas húmedas del Caribe, Izabal y Pacífico",elegible_recuperacion_20_anios,REG-TB-HUM,R-TB-HUM-01,lista_explicita,"Caribe, costa y bocacosta húmeda del Pacífico y Costa Cuca",si,procedimiento_reconstruido,correspondencia_territorial_experta_codificada,pendiente,INAB_DINAMICA_2016_2020,POORTER_ET_AL_2016,1.0.0
11,Retalhuleu,1109,1109,El Asintal,REG-TB-HUM,"Tierras bajas húmedas del Caribe, Izabal y Pacífico",elegible_recuperacion_20_anios,REG-TB-HUM,R-TB-HUM-01,lista_explicita,"Caribe, costa y bocacosta húmeda del Pacífico y Costa Cuca",si,procedimiento_reconstruido,correspondencia_territorial_experta_codificada,pendiente,INAB_DINAMICA_2016_2020,POORTER_ET_AL_2016,1.0.0
12,San Marcos,1201,1201,San Marcos,REG-ALT-MON,Altiplano y bosques montanos,fuera_dominio_altiplano_montano,,R-RESIDUAL-01,regla_residual,Código municipal no incluido en ninguna de las cinco listas de correspondencia,si,procedimiento_reconstruido,correspondencia_territorial_experta_codificada,pendiente,INAB_DINAMICA_2016_2020,,1.0.0
12,San Marcos,1202,1202,San Pedro Sacatepéquez,REG-ALT-MON,Altiplano y bosques montanos,fuera_dominio_altiplano_montano,,R-RESIDUAL-01,regla_residual,Código municipal no incluido en ninguna de las cinco listas de correspondencia,si,procedimiento_reconstruido,correspondencia_territorial_experta_codificada,pendiente,INAB_DINAMICA_2016_2020,,1.0.0
12,San Marcos,1203,1203,San Antonio Sacatepéquez,REG-ALT-MON,Altiplano y bosques montanos,fuera_dominio_altiplano_montano,,R-RESIDUAL-01,regla_residual,Código municipal no incluido en ninguna de las cinco listas de correspondencia,si,procedimiento_reconstruido,correspondencia_territorial_experta_codificada,pendiente,INAB_DINAMICA_2016_2020,,1.0.0
12,San Marcos,1204,1204,Comitancillo,REG-ALT-MON,Altiplano y bosques montanos,fuera_dominio_altiplano_montano,,R-RESIDUAL-01,regla_residual,Código municipal no incluido en ninguna de las cinco listas de correspondencia,si,procedimiento_reconstruido,correspondencia_territorial_experta_codificada,pendiente,INAB_DINAMICA_2016_2020,,1.0.0
12,San Marcos,1205,1205,San Miguel Ixtahuacán,REG-ALT-MON,Altiplano y bosques montanos,fuera_dominio_altiplano_montano,,R-RESIDUAL-01,regla_residual,Código municipal no incluido en ninguna de las cinco listas de correspondencia,si,procedimiento_reconstruido,correspondencia_territorial_experta_codificada,pendiente,INAB_DINAMICA_2016_2020,,1.0.0
12,San Marcos,1206,1206,Concepción Tutuapa,REG-ALT-MON,Altiplano y bosques montanos,fuera_dominio_altiplano_montano,,R-RESIDUAL-01,regla_residual,Código municipal no incluido en ninguna de las cinco listas de correspondencia,si,procedimiento_reconstruido,correspondencia_territorial_experta_codificada,pendiente,INAB_DINAMICA_2016_2020,,1.0.0
12,San Marcos,1207,1207,Tacaná,REG-ALT-MON,Altiplano y bosques montanos,fuera_dominio_altiplano_montano,,R-RESIDUAL-01,regla_residual,Código municipal no incluido en ninguna de las cinco listas de correspondencia,si,procedimiento_reconstruido,correspondencia_territorial_experta_codificada,pendiente,INAB_DINAMICA_2016_2020,,1.0.0
12,San Marcos,1208,1208,Sibinal,REG-ALT-MON,Altiplano y bosques montanos,fuera_dominio_altiplano_montano,,R-RESIDUAL-01,regla_residual,Código municipal no incluido en ninguna de las cinco listas de correspondencia,si,procedimiento_reconstruido,correspondencia_territorial_experta_codificada,pendiente,INAB_DINAMICA_2016_2020,,1.0.0
12,San Marcos,1209,1209,Tajumulco,REG-ALT-MON,Altiplano y bosques montanos,fuera_dominio_altiplano_montano,,R-RESIDUAL-01,regla_residual,Código municipal no incluido en ninguna de las cinco listas de correspondencia,si,procedimiento_reconstruido,correspondencia_territorial_experta_codificada,pendiente,INAB_DINAMICA_2016_2020,,1.0.0
12,San Marcos,1210,1210,Tejutla,REG-ALT-MON,Altiplano y bosques montanos,fuera_dominio_altiplano_montano,,R-RESIDUAL-01,regla_residual,Código municipal no incluido en ninguna de las cinco listas de correspondencia,si,procedimiento_reconstruido,correspondencia_territorial_experta_codificada,pendiente,INAB_DINAMICA_2016_2020,,1.0.0
12,San Marcos,1211,1211,San Rafael Pie de la Cuesta,REG-ALT-MON,Altiplano y bosques montanos,fuera_dominio_altiplano_montano,,R-RESIDUAL-01,regla_residual,Código municipal no incluido en ninguna de las cinco listas de correspondencia,si,procedimiento_reconstruido,correspondencia_territorial_experta_codificada,pendiente,INAB_DINAMICA_2016_2020,,1.0.0
12,San Marcos,1212,1212,Nuevo Progreso,REG-TB-HUM,"Tierras bajas húmedas del Caribe, Izabal y Pacífico",elegible_recuperacion_20_anios,REG-TB-HUM,R-TB-HUM-01,lista_explicita,"Caribe, costa y bocacosta húmeda del Pacífico y Costa Cuca",si,procedimiento_reconstruido,correspondencia_territorial_experta_codificada,pendiente,INAB_DINAMICA_2016_2020,POORTER_ET_AL_2016,1.0.0
12,San Marcos,1213,1213,El Tumbador,REG-TB-HUM,"Tierras bajas húmedas del Caribe, Izabal y Pacífico",elegible_recuperacion_20_anios,REG-TB-HUM,R-TB-HUM-01,lista_explicita,"Caribe, costa y bocacosta húmeda del Pacífico y Costa Cuca",si,procedimiento_reconstruido,correspondencia_territorial_experta_codificada,pendiente,INAB_DINAMICA_2016_2020,POORTER_ET_AL_2016,1.0.0
12,San Marcos,1214,1214,El Rodeo,REG-TB-HUM,"Tierras bajas húmedas del Caribe, Izabal y Pacífico",elegible_recuperacion_20_anios,REG-TB-HUM,R-TB-HUM-01,lista_explicita,"Caribe, costa y bocacosta húmeda del Pacífico y Costa Cuca",si,procedimiento_reconstruido,correspondencia_territorial_experta_codificada,pendiente,INAB_DINAMICA_2016_2020,POORTER_ET_AL_2016,1.0.0
12,San Marcos,1215,1215,Malacatán,REG-TB-HUM,"Tierras bajas húmedas del Caribe, Izabal y Pacífico",elegible_recuperacion_20_anios,REG-TB-HUM,R-TB-HUM-01,lista_explicita,"Caribe, costa y bocacosta húmeda del Pacífico y Costa Cuca",si,procedimiento_reconstruido,correspondencia_territorial_experta_codificada,pendiente,INAB_DINAMICA_2016_2020,POORTER_ET_AL_2016,1.0.0
12,San Marcos,1216,1216,Catarina,REG-TB-HUM,"Tierras bajas húmedas del Caribe, Izabal y Pacífico",elegible_recuperacion_20_anios,REG-TB-HUM,R-TB-HUM-01,lista_explicita,"Caribe, costa y bocacosta húmeda del Pacífico y Costa Cuca",si,procedimiento_reconstruido,correspondencia_territorial_experta_codificada,pendiente,INAB_DINAMICA_2016_2020,POORTER_ET_AL_2016,1.0.0
12,San Marcos,1217,1217,Ayutla,REG-TB-HUM,"Tierras bajas húmedas del Caribe, Izabal y Pacífico",elegible_recuperacion_20_anios,REG-TB-HUM,R-TB-HUM-01,lista_explicita,"Caribe, costa y bocacosta húmeda del Pacífico y Costa Cuca",si,procedimiento_reconstruido,correspondencia_territorial_experta_codificada,pendiente,INAB_DINAMICA_2016_2020,POORTER_ET_AL_2016,1.0.0
12,San Marcos,1218,1218,Ocós,REG-TB-HUM,"Tierras bajas húmedas del Caribe, Izabal y Pacífico",elegible_recuperacion_20_anios,REG-TB-HUM,R-TB-HUM-01,lista_explicita,"Caribe, costa y bocacosta húmeda del Pacífico y Costa Cuca",si,procedimiento_reconstruido,correspondencia_territorial_experta_codificada,pendiente,INAB_DINAMICA_2016_2020,POORTER_ET_AL_2016,1.0.0
12,San Marcos,1219,1219,San Pablo,REG-TB-HUM,"Tierras bajas húmedas del Caribe, Izabal y Pacífico",elegible_recuperacion_20_anios,REG-TB-HUM,R-TB-HUM-01,lista_explicita,"Caribe, costa y bocacosta húmeda del Pacífico y Costa Cuca",si,procedimiento_reconstruido,correspondencia_territorial_experta_codificada,pendiente,INAB_DINAMICA_2016_2020,POORTER_ET_AL_2016,1.0.0
12,San Marcos,1220,1220,El Quetzal,REG-TB-HUM,"Tierras bajas húmedas del Caribe, Izabal y Pacífico",elegible_recuperacion_20_anios,REG-TB-HUM,R-TB-HUM-01,lista_explicita,"Caribe, costa y bocacosta húmeda del Pacífico y Costa Cuca",si,procedimiento_reconstruido,correspondencia_territorial_experta_codificada,pendiente,INAB_DINAMICA_2016_2020,POORTER_ET_AL_2016,1.0.0
12,San Marcos,1221,1221,La Reforma,REG-TB-HUM,"Tierras bajas húmedas del Caribe, Izabal y Pacífico",elegible_recuperacion_20_anios,REG-TB-HUM,R-TB-HUM-01,lista_explicita,"Caribe, costa y bocacosta húmeda del Pacífico y Costa Cuca",si,procedimiento_reconstruido,correspondencia_territorial_experta_codificada,pendiente,INAB_DINAMICA_2016_2020,POORTER_ET_AL_2016,1.0.0
12,San Marcos,1222,1222,Pajapita,REG-TB-HUM,"Tierras bajas húmedas del Caribe, Izabal y Pacífico",elegible_recuperacion_20_anios,REG-TB-HUM,R-TB-HUM-01,lista_explicita,"Caribe, costa y bocacosta húmeda del Pacífico y Costa Cuca",si,procedimiento_reconstruido,correspondencia_territorial_experta_codificada,pendiente,INAB_DINAMICA_2016_2020,POORTER_ET_AL_2016,1.0.0
12,San Marcos,1223,1223,Ixchiguán,REG-ALT-MON,Altiplano y bosques montanos,fuera_dominio_altiplano_montano,,R-RESIDUAL-01,regla_residual,Código municipal no incluido en ninguna de las cinco listas de correspondencia,si,procedimiento_reconstruido,correspondencia_territorial_experta_codificada,pendiente,INAB_DINAMICA_2016_2020,,1.0.0
12,San Marcos,1224,1224,San José Ojetenam,REG-ALT-MON,Altiplano y bosques montanos,fuera_dominio_altiplano_montano,,R-RESIDUAL-01,regla_residual,Código municipal no incluido en ninguna de las cinco listas de correspondencia,si,procedimiento_reconstruido,correspondencia_territorial_experta_codificada,pendiente,INAB_DINAMICA_2016_2020,,1.0.0
12,San Marcos,1225,1225,San Cristóbal Cucho,REG-ALT-MON,Altiplano y bosques montanos,fuera_dominio_altiplano_montano,,R-RESIDUAL-01,regla_residual,Código municipal no incluido en ninguna de las cinco listas de correspondencia,si,procedimiento_reconstruido,correspondencia_territorial_experta_codificada,pendiente,INAB_DINAMICA_2016_2020,,1.0.0
12,San Marcos,1226,1226,Sipacapa,REG-ALT-MON,Altiplano y bosques montanos,fuera_dominio_altiplano_montano,,R-RESIDUAL-01,regla_residual,Código municipal no incluido en ninguna de las cinco listas de correspondencia,si,procedimiento_reconstruido,correspondencia_territorial_experta_codificada,pendiente,INAB_DINAMICA_2016_2020,,1.0.0
12,San Marcos,1227,1227,Esquipulas Palo Gordo,REG-ALT-MON,Altiplano y bosques montanos,fuera_dominio_altiplano_montano,,R-RESIDUAL-01,regla_residual,Código municipal no incluido en ninguna de las cinco listas de correspondencia,si,procedimiento_reconstruido,correspondencia_territorial_experta_codificada,pendiente,INAB_DINAMICA_2016_2020,,1.0.0
12,San Marcos,1228,1228,Río Blanco,REG-ALT-MON,Altiplano y bosques montanos,fuera_dominio_altiplano_montano,,R-RESIDUAL-01,regla_residual,Código municipal no incluido en ninguna de las cinco listas de correspondencia,si,procedimiento_reconstruido,correspondencia_territorial_experta_codificada,pendiente,INAB_DINAMICA_2016_2020,,1.0.0
12,San Marcos,1229,1229,San Lorenzo,REG-ALT-MON,Altiplano y bosques montanos,fuera_dominio_altiplano_montano,,R-RESIDUAL-01,regla_residual,Código municipal no incluido en ninguna de las cinco listas de correspondencia,si,procedimiento_reconstruido,correspondencia_territorial_experta_codificada,pendiente,INAB_DINAMICA_2016_2020,,1.0.0
12,San Marcos,1230,1230,La Blanca,REG-TB-HUM,"Tierras bajas húmedas del Caribe, Izabal y Pacífico",elegible_recuperacion_20_anios,REG-TB-HUM,R-TB-HUM-01,lista_explicita,"Caribe, costa y bocacosta húmeda del Pacífico y Costa Cuca",si,procedimiento_reconstruido,correspondencia_territorial_experta_codificada,pendiente,INAB_DINAMICA_2016_2020,POORTER_ET_AL_2016,1.0.0
13,Huehuetenango,1301,1301,Huehuetenango,REG-ALT-MON,Altiplano y bosques montanos,fuera_dominio_altiplano_montano,,R-RESIDUAL-01,regla_residual,Código municipal no incluido en ninguna de las cinco listas de correspondencia,si,procedimiento_reconstruido,correspondencia_territorial_experta_codificada,pendiente,INAB_DINAMICA_2016_2020,,1.0.0
13,Huehuetenango,1302,1302,Chiantla,REG-ALT-MON,Altiplano y bosques montanos,fuera_dominio_altiplano_montano,,R-RESIDUAL-01,regla_residual,Código municipal no incluido en ninguna de las cinco listas de correspondencia,si,procedimiento_reconstruido,correspondencia_territorial_experta_codificada,pendiente,INAB_DINAMICA_2016_2020,,1.0.0
13,Huehuetenango,1303,1303,Malacatancito,REG-ALT-MON,Altiplano y bosques montanos,fuera_dominio_altiplano_montano,,R-RESIDUAL-01,regla_residual,Código municipal no incluido en ninguna de las cinco listas de correspondencia,si,procedimiento_reconstruido,correspondencia_territorial_experta_codificada,pendiente,INAB_DINAMICA_2016_2020,,1.0.0
13,Huehuetenango,1304,1304,Cuilco,REG-ALT-MON,Altiplano y bosques montanos,fuera_dominio_altiplano_montano,,R-RESIDUAL-01,regla_residual,Código municipal no incluido en ninguna de las cinco listas de correspondencia,si,procedimiento_reconstruido,correspondencia_territorial_experta_codificada,pendiente,INAB_DINAMICA_2016_2020,,1.0.0
13,Huehuetenango,1305,1305,Nentón,REG-PET-FTN,Sur de Petén y tierras bajas de la FTN,elegible_recuperacion_20_anios,REG-PET-FTN,R-PET-FTN-01,lista_explicita,Sur de Petén y vertiente norte agrupados como región analítica FTN ampliada,si,procedimiento_reconstruido,correspondencia_territorial_experta_codificada,pendiente,INAB_DINAMICA_2016_2020,POORTER_ET_AL_2016,1.0.0
13,Huehuetenango,1306,1306,San Pedro Nécta,REG-ALT-MON,Altiplano y bosques montanos,fuera_dominio_altiplano_montano,,R-RESIDUAL-01,regla_residual,Código municipal no incluido en ninguna de las cinco listas de correspondencia,si,procedimiento_reconstruido,correspondencia_territorial_experta_codificada,pendiente,INAB_DINAMICA_2016_2020,,1.0.0
13,Huehuetenango,1307,1307,Jacaltenango,REG-PET-FTN,Sur de Petén y tierras bajas de la FTN,elegible_recuperacion_20_anios,REG-PET-FTN,R-PET-FTN-01,lista_explicita,Sur de Petén y vertiente norte agrupados como región analítica FTN ampliada,si,procedimiento_reconstruido,correspondencia_territorial_experta_codificada,pendiente,INAB_DINAMICA_2016_2020,POORTER_ET_AL_2016,1.0.0
13,Huehuetenango,1308,1308,San Pedro Soloma,REG-ALT-MON,Altiplano y bosques montanos,fuera_dominio_altiplano_montano,,R-RESIDUAL-01,regla_residual,Código municipal no incluido en ninguna de las cinco listas de correspondencia,si,procedimiento_reconstruido,correspondencia_territorial_experta_codificada,pendiente,INAB_DINAMICA_2016_2020,,1.0.0
13,Huehuetenango,1309,1309,San Idelfonso Ixtahuacán,REG-ALT-MON,Altiplano y bosques montanos,fuera_dominio_altiplano_montano,,R-RESIDUAL-01,regla_residual,Código municipal no incluido en ninguna de las cinco listas de correspondencia,si,procedimiento_reconstruido,correspondencia_territorial_experta_codificada,pendiente,INAB_DINAMICA_2016_2020,,1.0.0
13,Huehuetenango,1310,1310,Santa Bárbara,REG-ALT-MON,Altiplano y bosques montanos,fuera_dominio_altiplano_montano,,R-RESIDUAL-01,regla_residual,Código municipal no incluido en ninguna de las cinco listas de correspondencia,si,procedimiento_reconstruido,correspondencia_territorial_experta_codificada,pendiente,INAB_DINAMICA_2016_2020,,1.0.0
13,Huehuetenango,1311,1311,La Libertad,REG-ALT-MON,Altiplano y bosques montanos,fuera_dominio_altiplano_montano,,R-RESIDUAL-01,regla_residual,Código municipal no incluido en ninguna de las cinco listas de correspondencia,si,procedimiento_reconstruido,correspondencia_territorial_experta_codificada,pendiente,INAB_DINAMICA_2016_2020,,1.0.0
13,Huehuetenango,1312,1312,La Democracia,REG-ALT-MON,Altiplano y bosques montanos,fuera_dominio_altiplano_montano,,R-RESIDUAL-01,regla_residual,Código municipal no incluido en ninguna de las cinco listas de correspondencia,si,procedimiento_reconstruido,correspondencia_territorial_experta_codificada,pendiente,INAB_DINAMICA_2016_2020,,1.0.0
13,Huehuetenango,1313,1313,San Miguel Acatán,REG-ALT-MON,Altiplano y bosques montanos,fuera_dominio_altiplano_montano,,R-RESIDUAL-01,regla_residual,Código municipal no incluido en ninguna de las cinco listas de correspondencia,si,procedimiento_reconstruido,correspondencia_territorial_experta_codificada,pendiente,INAB_DINAMICA_2016_2020,,1.0.0
13,Huehuetenango,1314,1314,San Rafael La Independencia,REG-ALT-MON,Altiplano y bosques montanos,fuera_dominio_altiplano_montano,,R-RESIDUAL-01,regla_residual,Código municipal no incluido en ninguna de las cinco listas de correspondencia,si,procedimiento_reconstruido,correspondencia_territorial_experta_codificada,pendiente,INAB_DINAMICA_2016_2020,,1.0.0
13,Huehuetenango,1315,1315,Todos Santos Cuchumatán,REG-ALT-MON,Altiplano y bosques montanos,fuera_dominio_altiplano_montano,,R-RESIDUAL-01,regla_residual,Código municipal no incluido en ninguna de las cinco listas de correspondencia,si,procedimiento_reconstruido,correspondencia_territorial_experta_codificada,pendiente,INAB_DINAMICA_2016_2020,,1.0.0
13,Huehuetenango,1316,1316,San Juan Atitán,REG-ALT-MON,Altiplano y bosques montanos,fuera_dominio_altiplano_montano,,R-RESIDUAL-01,regla_residual,Código municipal no incluido en ninguna de las cinco listas de correspondencia,si,procedimiento_reconstruido,correspondencia_territorial_experta_codificada,pendiente,INAB_DINAMICA_2016_2020,,1.0.0
13,Huehuetenango,1317,1317,Santa Eulalia,REG-ALT-MON,Altiplano y bosques montanos,fuera_dominio_altiplano_montano,,R-RESIDUAL-01,regla_residual,Código municipal no incluido en ninguna de las cinco listas de correspondencia,si,procedimiento_reconstruido,correspondencia_territorial_experta_codificada,pendiente,INAB_DINAMICA_2016_2020,,1.0.0
13,Huehuetenango,1318,1318,San Mateo Ixtatán,REG-PET-FTN,Sur de Petén y tierras bajas de la FTN,elegible_recuperacion_20_anios,REG-PET-FTN,R-PET-FTN-01,lista_explicita,Sur de Petén y vertiente norte agrupados como región analítica FTN ampliada,si,procedimiento_reconstruido,correspondencia_territorial_experta_codificada,pendiente,INAB_DINAMICA_2016_2020,POORTER_ET_AL_2016,1.0.0
13,Huehuetenango,1319,1319,Colotenango,REG-ALT-MON,Altiplano y bosques montanos,fuera_dominio_altiplano_montano,,R-RESIDUAL-01,regla_residual,Código municipal no incluido en ninguna de las cinco listas de correspondencia,si,procedimiento_reconstruido,correspondencia_territorial_experta_codificada,pendiente,INAB_DINAMICA_2016_2020,,1.0.0
13,Huehuetenango,1320,1320,San Sebastián Huehuetenango,REG-ALT-MON,Altiplano y bosques montanos,fuera_dominio_altiplano_montano,,R-RESIDUAL-01,regla_residual,Código municipal no incluido en ninguna de las cinco listas de correspondencia,si,procedimiento_reconstruido,correspondencia_territorial_experta_codificada,pendiente,INAB_DINAMICA_2016_2020,,1.0.0
13,Huehuetenango,1321,1321,Tectitán,REG-ALT-MON,Altiplano y bosques montanos,fuera_dominio_altiplano_montano,,R-RESIDUAL-01,regla_residual,Código municipal no incluido en ninguna de las cinco listas de correspondencia,si,procedimiento_reconstruido,correspondencia_territorial_experta_codificada,pendiente,INAB_DINAMICA_2016_2020,,1.0.0
13,Huehuetenango,1322,1322,Concepción Huista,REG-PET-FTN,Sur de Petén y tierras bajas de la FTN,elegible_recuperacion_20_anios,REG-PET-FTN,R-PET-FTN-01,lista_explicita,Sur de Petén y vertiente norte agrupados como región analítica FTN ampliada,si,procedimiento_reconstruido,correspondencia_territorial_experta_codificada,pendiente,INAB_DINAMICA_2016_2020,POORTER_ET_AL_2016,1.0.0
13,Huehuetenango,1323,1323,San Juan Ixcoy,REG-ALT-MON,Altiplano y bosques montanos,fuera_dominio_altiplano_montano,,R-RESIDUAL-01,regla_residual,Código municipal no incluido en ninguna de las cinco listas de correspondencia,si,procedimiento_reconstruido,correspondencia_territorial_experta_codificada,pendiente,INAB_DINAMICA_2016_2020,,1.0.0
13,Huehuetenango,1324,1324,San Antonio Huista,REG-PET-FTN,Sur de Petén y tierras bajas de la FTN,elegible_recuperacion_20_anios,REG-PET-FTN,R-PET-FTN-01,lista_explicita,Sur de Petén y vertiente norte agrupados como región analítica FTN ampliada,si,procedimiento_reconstruido,correspondencia_territorial_experta_codificada,pendiente,INAB_DINAMICA_2016_2020,POORTER_ET_AL_2016,1.0.0
13,Huehuetenango,1325,1325,San Sebastián Coatán,REG-PET-FTN,Sur de Petén y tierras bajas de la FTN,elegible_recuperacion_20_anios,REG-PET-FTN,R-PET-FTN-01,lista_explicita,Sur de Petén y vertiente norte agrupados como región analítica FTN ampliada,si,procedimiento_reconstruido,correspondencia_territorial_experta_codificada,pendiente,INAB_DINAMICA_2016_2020,POORTER_ET_AL_2016,1.0.0
13,Huehuetenango,1326,1326,Barillas,REG-PET-FTN,Sur de Petén y tierras bajas de la FTN,elegible_recuperacion_20_anios,REG-PET-FTN,R-PET-FTN-01,lista_explicita,Sur de Petén y vertiente norte agrupados como región analítica FTN ampliada,si,procedimiento_reconstruido,correspondencia_territorial_experta_codificada,pendiente,INAB_DINAMICA_2016_2020,POORTER_ET_AL_2016,1.0.0
13,Huehuetenango,1327,1327,Aguacatán,REG-ALT-MON,Altiplano y bosques montanos,fuera_dominio_altiplano_montano,,R-RESIDUAL-01,regla_residual,Código municipal no incluido en ninguna de las cinco listas de correspondencia,si,procedimiento_reconstruido,correspondencia_territorial_experta_codificada,pendiente,INAB_DINAMICA_2016_2020,,1.0.0
13,Huehuetenango,1328,1328,San Rafael Pétzal,REG-ALT-MON,Altiplano y bosques montanos,fuera_dominio_altiplano_montano,,R-RESIDUAL-01,regla_residual,Código municipal no incluido en ninguna de las cinco listas de correspondencia,si,procedimiento_reconstruido,correspondencia_territorial_experta_codificada,pendiente,INAB_DINAMICA_2016_2020,,1.0.0
13,Huehuetenango,1329,1329,San Gaspar Ixchil,REG-ALT-MON,Altiplano y bosques montanos,fuera_dominio_altiplano_montano,,R-RESIDUAL-01,regla_residual,Código municipal no incluido en ninguna de las cinco listas de correspondencia,si,procedimiento_reconstruido,correspondencia_territorial_experta_codificada,pendiente,INAB_DINAMICA_2016_2020,,1.0.0
13,Huehuetenango,1330,1330,Santiago Chimaltenango,REG-ALT-MON,Altiplano y bosques montanos,fuera_dominio_altiplano_montano,,R-RESIDUAL-01,regla_residual,Código municipal no incluido en ninguna de las cinco listas de correspondencia,si,procedimiento_reconstruido,correspondencia_territorial_experta_codificada,pendiente,INAB_DINAMICA_2016_2020,,1.0.0
13,Huehuetenango,1331,1331,Santa Ana Huista,REG-PET-FTN,Sur de Petén y tierras bajas de la FTN,elegible_recuperacion_20_anios,REG-PET-FTN,R-PET-FTN-01,lista_explicita,Sur de Petén y vertiente norte agrupados como región analítica FTN ampliada,si,procedimiento_reconstruido,correspondencia_territorial_experta_codificada,pendiente,INAB_DINAMICA_2016_2020,POORTER_ET_AL_2016,1.0.0
13,Huehuetenango,1332,1332,Unión Cantinil,REG-PET-FTN,Sur de Petén y tierras bajas de la FTN,elegible_recuperacion_20_anios,REG-PET-FTN,R-PET-FTN-01,lista_explicita,Sur de Petén y vertiente norte agrupados como región analítica FTN ampliada,si,procedimiento_reconstruido,correspondencia_territorial_experta_codificada,pendiente,INAB_DINAMICA_2016_2020,POORTER_ET_AL_2016,1.0.0
13,Huehuetenango,1333,1333,Petatán,REG-PET-FTN,Sur de Petén y tierras bajas de la FTN,elegible_recuperacion_20_anios,REG-PET-FTN,R-PET-FTN-01,lista_explicita,Sur de Petén y vertiente norte agrupados como región analítica FTN ampliada,si,procedimiento_reconstruido,correspondencia_territorial_experta_codificada,pendiente,INAB_DINAMICA_2016_2020,POORTER_ET_AL_2016,1.0.0
14,Quiché,1401,1401,Santa Cruz del Quiché,REG-ALT-MON,Altiplano y bosques montanos,fuera_dominio_altiplano_montano,,R-RESIDUAL-01,regla_residual,Código municipal no incluido en ninguna de las cinco listas de correspondencia,si,procedimiento_reconstruido,correspondencia_territorial_experta_codificada,pendiente,INAB_DINAMICA_2016_2020,,1.0.0
14,Quiché,1402,1402,Chiché,REG-ALT-MON,Altiplano y bosques montanos,fuera_dominio_altiplano_montano,,R-RESIDUAL-01,regla_residual,Código municipal no incluido en ninguna de las cinco listas de correspondencia,si,procedimiento_reconstruido,correspondencia_territorial_experta_codificada,pendiente,INAB_DINAMICA_2016_2020,,1.0.0
14,Quiché,1403,1403,Chinique,REG-ALT-MON,Altiplano y bosques montanos,fuera_dominio_altiplano_montano,,R-RESIDUAL-01,regla_residual,Código municipal no incluido en ninguna de las cinco listas de correspondencia,si,procedimiento_reconstruido,correspondencia_territorial_experta_codificada,pendiente,INAB_DINAMICA_2016_2020,,1.0.0
14,Quiché,1404,1404,Zacualpa,REG-ALT-MON,Altiplano y bosques montanos,fuera_dominio_altiplano_montano,,R-RESIDUAL-01,regla_residual,Código municipal no incluido en ninguna de las cinco listas de correspondencia,si,procedimiento_reconstruido,correspondencia_territorial_experta_codificada,pendiente,INAB_DINAMICA_2016_2020,,1.0.0
14,Quiché,1405,1405,Chajul,REG-PET-FTN,Sur de Petén y tierras bajas de la FTN,elegible_recuperacion_20_anios,REG-PET-FTN,R-PET-FTN-01,lista_explicita,Sur de Petén y vertiente norte agrupados como región analítica FTN ampliada,si,procedimiento_reconstruido,correspondencia_territorial_experta_codificada,pendiente,INAB_DINAMICA_2016_2020,POORTER_ET_AL_2016,1.0.0
14,Quiché,1406,1406,Chichicastenango,REG-ALT-MON,Altiplano y bosques montanos,fuera_dominio_altiplano_montano,,R-RESIDUAL-01,regla_residual,Código municipal no incluido en ninguna de las cinco listas de correspondencia,si,procedimiento_reconstruido,correspondencia_territorial_experta_codificada,pendiente,INAB_DINAMICA_2016_2020,,1.0.0
14,Quiché,1407,1407,Patzité,REG-ALT-MON,Altiplano y bosques montanos,fuera_dominio_altiplano_montano,,R-RESIDUAL-01,regla_residual,Código municipal no incluido en ninguna de las cinco listas de correspondencia,si,procedimiento_reconstruido,correspondencia_territorial_experta_codificada,pendiente,INAB_DINAMICA_2016_2020,,1.0.0
14,Quiché,1408,1408,San Antonio Ilotenango,REG-ALT-MON,Altiplano y bosques montanos,fuera_dominio_altiplano_montano,,R-RESIDUAL-01,regla_residual,Código municipal no incluido en ninguna de las cinco listas de correspondencia,si,procedimiento_reconstruido,correspondencia_territorial_experta_codificada,pendiente,INAB_DINAMICA_2016_2020,,1.0.0
14,Quiché,1409,1409,San Pedro Jocopilas,REG-ALT-MON,Altiplano y bosques montanos,fuera_dominio_altiplano_montano,,R-RESIDUAL-01,regla_residual,Código municipal no incluido en ninguna de las cinco listas de correspondencia,si,procedimiento_reconstruido,correspondencia_territorial_experta_codificada,pendiente,INAB_DINAMICA_2016_2020,,1.0.0
14,Quiché,1410,1410,Cunén,REG-ALT-MON,Altiplano y bosques montanos,fuera_dominio_altiplano_montano,,R-RESIDUAL-01,regla_residual,Código municipal no incluido en ninguna de las cinco listas de correspondencia,si,procedimiento_reconstruido,correspondencia_territorial_experta_codificada,pendiente,INAB_DINAMICA_2016_2020,,1.0.0
14,Quiché,1411,1411,San Juan Cotzal,REG-PET-FTN,Sur de Petén y tierras bajas de la FTN,elegible_recuperacion_20_anios,REG-PET-FTN,R-PET-FTN-01,lista_explicita,Sur de Petén y vertiente norte agrupados como región analítica FTN ampliada,si,procedimiento_reconstruido,correspondencia_territorial_experta_codificada,pendiente,INAB_DINAMICA_2016_2020,POORTER_ET_AL_2016,1.0.0
14,Quiché,1412,1412,Joyabaj,REG-ALT-MON,Altiplano y bosques montanos,fuera_dominio_altiplano_montano,,R-RESIDUAL-01,regla_residual,Código municipal no incluido en ninguna de las cinco listas de correspondencia,si,procedimiento_reconstruido,correspondencia_territorial_experta_codificada,pendiente,INAB_DINAMICA_2016_2020,,1.0.0
14,Quiché,1413,1413,Nebaj,REG-PET-FTN,Sur de Petén y tierras bajas de la FTN,elegible_recuperacion_20_anios,REG-PET-FTN,R-PET-FTN-01,lista_explicita,Sur de Petén y vertiente norte agrupados como región analítica FTN ampliada,si,procedimiento_reconstruido,correspondencia_territorial_experta_codificada,pendiente,INAB_DINAMICA_2016_2020,POORTER_ET_AL_2016,1.0.0
14,Quiché,1414,1414,San Andrés Sajcabajá,REG-ALT-MON,Altiplano y bosques montanos,fuera_dominio_altiplano_montano,,R-RESIDUAL-01,regla_residual,Código municipal no incluido en ninguna de las cinco listas de correspondencia,si,procedimiento_reconstruido,correspondencia_territorial_experta_codificada,pendiente,INAB_DINAMICA_2016_2020,,1.0.0
14,Quiché,1415,1415,Uspantán,REG-PET-FTN,Sur de Petén y tierras bajas de la FTN,elegible_recuperacion_20_anios,REG-PET-FTN,R-PET-FTN-01,lista_explicita,Sur de Petén y vertiente norte agrupados como región analítica FTN ampliada,si,procedimiento_reconstruido,correspondencia_territorial_experta_codificada,pendiente,INAB_DINAMICA_2016_2020,POORTER_ET_AL_2016,1.0.0
14,Quiché,1416,1416,Sacapulas,REG-SEC-MOT,Corredor seco y valle del Motagua,elegible_recuperacion_20_anios,REG-SEC-MOT,R-SEC-MOT-01,lista_explicita,"Valles secos interiores, Motagua y Salamá-Chixoy",si,procedimiento_reconstruido,correspondencia_territorial_experta_codificada,pendiente,INAB_DINAMICA_2016_2020,POORTER_ET_AL_2016,1.0.0
14,Quiché,1417,1417,San Bartolomé Jocotenango,REG-SEC-MOT,Corredor seco y valle del Motagua,elegible_recuperacion_20_anios,REG-SEC-MOT,R-SEC-MOT-01,lista_explicita,"Valles secos interiores, Motagua y Salamá-Chixoy",si,procedimiento_reconstruido,correspondencia_territorial_experta_codificada,pendiente,INAB_DINAMICA_2016_2020,POORTER_ET_AL_2016,1.0.0
14,Quiché,1418,1418,Canillá,REG-SEC-MOT,Corredor seco y valle del Motagua,elegible_recuperacion_20_anios,REG-SEC-MOT,R-SEC-MOT-01,lista_explicita,"Valles secos interiores, Motagua y Salamá-Chixoy",si,procedimiento_reconstruido,correspondencia_territorial_experta_codificada,pendiente,INAB_DINAMICA_2016_2020,POORTER_ET_AL_2016,1.0.0
14,Quiché,1419,1419,Chicamán,REG-PET-FTN,Sur de Petén y tierras bajas de la FTN,elegible_recuperacion_20_anios,REG-PET-FTN,R-PET-FTN-01,lista_explicita,Sur de Petén y vertiente norte agrupados como región analítica FTN ampliada,si,procedimiento_reconstruido,correspondencia_territorial_experta_codificada,pendiente,INAB_DINAMICA_2016_2020,POORTER_ET_AL_2016,1.0.0
14,Quiché,1420,1420,Ixcán,REG-PET-FTN,Sur de Petén y tierras bajas de la FTN,elegible_recuperacion_20_anios,REG-PET-FTN,R-PET-FTN-01,lista_explicita,Sur de Petén y vertiente norte agrupados como región analítica FTN ampliada,si,procedimiento_reconstruido,correspondencia_territorial_experta_codificada,pendiente,INAB_DINAMICA_2016_2020,POORTER_ET_AL_2016,1.0.0
14,Quiché,1421,1421,Pachalum,REG-SEC-MOT,Corredor seco y valle del Motagua,elegible_recuperacion_20_anios,REG-SEC-MOT,R-SEC-MOT-01,lista_explicita,"Valles secos interiores, Motagua y Salamá-Chixoy",si,procedimiento_reconstruido,correspondencia_territorial_experta_codificada,pendiente,INAB_DINAMICA_2016_2020,POORTER_ET_AL_2016,1.0.0
15,Baja Verapaz,1501,1501,Salamá,REG-SEC-MOT,Corredor seco y valle del Motagua,elegible_recuperacion_20_anios,REG-SEC-MOT,R-SEC-MOT-01,lista_explicita,"Valles secos interiores, Motagua y Salamá-Chixoy",si,procedimiento_reconstruido,correspondencia_territorial_experta_codificada,pendiente,INAB_DINAMICA_2016_2020,POORTER_ET_AL_2016,1.0.0
15,Baja Verapaz,1502,1502,San Miguel Chicaj,REG-SEC-MOT,Corredor seco y valle del Motagua,elegible_recuperacion_20_anios,REG-SEC-MOT,R-SEC-MOT-01,lista_explicita,"Valles secos interiores, Motagua y Salamá-Chixoy",si,procedimiento_reconstruido,correspondencia_territorial_experta_codificada,pendiente,INAB_DINAMICA_2016_2020,POORTER_ET_AL_2016,1.0.0
15,Baja Verapaz,1503,1503,Rabinal,REG-SEC-MOT,Corredor seco y valle del Motagua,elegible_recuperacion_20_anios,REG-SEC-MOT,R-SEC-MOT-01,lista_explicita,"Valles secos interiores, Motagua y Salamá-Chixoy",si,procedimiento_reconstruido,correspondencia_territorial_experta_codificada,pendiente,INAB_DINAMICA_2016_2020,POORTER_ET_AL_2016,1.0.0
15,Baja Verapaz,1504,1504,Cubulco,REG-SEC-MOT,Corredor seco y valle del Motagua,elegible_recuperacion_20_anios,REG-SEC-MOT,R-SEC-MOT-01,lista_explicita,"Valles secos interiores, Motagua y Salamá-Chixoy",si,procedimiento_reconstruido,correspondencia_territorial_experta_codificada,pendiente,INAB_DINAMICA_2016_2020,POORTER_ET_AL_2016,1.0.0
15,Baja Verapaz,1505,1505,Granados,REG-SEC-MOT,Corredor seco y valle del Motagua,elegible_recuperacion_20_anios,REG-SEC-MOT,R-SEC-MOT-01,lista_explicita,"Valles secos interiores, Motagua y Salamá-Chixoy",si,procedimiento_reconstruido,correspondencia_territorial_experta_codificada,pendiente,INAB_DINAMICA_2016_2020,POORTER_ET_AL_2016,1.0.0
15,Baja Verapaz,1506,1506,El Chol,REG-SEC-MOT,Corredor seco y valle del Motagua,elegible_recuperacion_20_anios,REG-SEC-MOT,R-SEC-MOT-01,lista_explicita,"Valles secos interiores, Motagua y Salamá-Chixoy",si,procedimiento_reconstruido,correspondencia_territorial_experta_codificada,pendiente,INAB_DINAMICA_2016_2020,POORTER_ET_AL_2016,1.0.0
15,Baja Verapaz,1507,1507,San Jerónimo,REG-SEC-MOT,Corredor seco y valle del Motagua,elegible_recuperacion_20_anios,REG-SEC-MOT,R-SEC-MOT-01,lista_explicita,"Valles secos interiores, Motagua y Salamá-Chixoy",si,procedimiento_reconstruido,correspondencia_territorial_experta_codificada,pendiente,INAB_DINAMICA_2016_2020,POORTER_ET_AL_2016,1.0.0
15,Baja Verapaz,1508,1508,Purulhá,REG-ALT-MON,Altiplano y bosques montanos,fuera_dominio_altiplano_montano,,R-RESIDUAL-01,regla_residual,Código municipal no incluido en ninguna de las cinco listas de correspondencia,si,procedimiento_reconstruido,correspondencia_territorial_experta_codificada,pendiente,INAB_DINAMICA_2016_2020,,1.0.0
16,Alta Verapaz,1601,1601,Cobán,REG-ALT-MON,Altiplano y bosques montanos,fuera_dominio_altiplano_montano,,R-RESIDUAL-01,regla_residual,Código municipal no incluido en ninguna de las cinco listas de correspondencia,si,procedimiento_reconstruido,correspondencia_territorial_experta_codificada,pendiente,INAB_DINAMICA_2016_2020,,1.0.0
16,Alta Verapaz,1602,1602,Santa Cruz Verapaz,REG-ALT-MON,Altiplano y bosques montanos,fuera_dominio_altiplano_montano,,R-RESIDUAL-01,regla_residual,Código municipal no incluido en ninguna de las cinco listas de correspondencia,si,procedimiento_reconstruido,correspondencia_territorial_experta_codificada,pendiente,INAB_DINAMICA_2016_2020,,1.0.0
16,Alta Verapaz,1603,1603,San Cristóbal Verapaz,REG-ALT-MON,Altiplano y bosques montanos,fuera_dominio_altiplano_montano,,R-RESIDUAL-01,regla_residual,Código municipal no incluido en ninguna de las cinco listas de correspondencia,si,procedimiento_reconstruido,correspondencia_territorial_experta_codificada,pendiente,INAB_DINAMICA_2016_2020,,1.0.0
16,Alta Verapaz,1604,1604,Tactic,REG-ALT-MON,Altiplano y bosques montanos,fuera_dominio_altiplano_montano,,R-RESIDUAL-01,regla_residual,Código municipal no incluido en ninguna de las cinco listas de correspondencia,si,procedimiento_reconstruido,correspondencia_territorial_experta_codificada,pendiente,INAB_DINAMICA_2016_2020,,1.0.0
16,Alta Verapaz,1605,1605,Tamahú,REG-ALT-MON,Altiplano y bosques montanos,fuera_dominio_altiplano_montano,,R-RESIDUAL-01,regla_residual,Código municipal no incluido en ninguna de las cinco listas de correspondencia,si,procedimiento_reconstruido,correspondencia_territorial_experta_codificada,pendiente,INAB_DINAMICA_2016_2020,,1.0.0
16,Alta Verapaz,1606,1606,Tucurú,REG-ALT-MON,Altiplano y bosques montanos,fuera_dominio_altiplano_montano,,R-RESIDUAL-01,regla_residual,Código municipal no incluido en ninguna de las cinco listas de correspondencia,si,procedimiento_reconstruido,correspondencia_territorial_experta_codificada,pendiente,INAB_DINAMICA_2016_2020,,1.0.0
16,Alta Verapaz,1607,1607,Panzós,REG-PET-FTN,Sur de Petén y tierras bajas de la FTN,elegible_recuperacion_20_anios,REG-PET-FTN,R-PET-FTN-01,lista_explicita,Sur de Petén y vertiente norte agrupados como región analítica FTN ampliada,si,procedimiento_reconstruido,correspondencia_territorial_experta_codificada,pendiente,INAB_DINAMICA_2016_2020,POORTER_ET_AL_2016,1.0.0
16,Alta Verapaz,1608,1608,Senahú,REG-PET-FTN,Sur de Petén y tierras bajas de la FTN,elegible_recuperacion_20_anios,REG-PET-FTN,R-PET-FTN-01,lista_explicita,Sur de Petén y vertiente norte agrupados como región analítica FTN ampliada,si,procedimiento_reconstruido,correspondencia_territorial_experta_codificada,pendiente,INAB_DINAMICA_2016_2020,POORTER_ET_AL_2016,1.0.0
16,Alta Verapaz,1609,1609,San Pedro Carchá,REG-PET-FTN,Sur de Petén y tierras bajas de la FTN,elegible_recuperacion_20_anios,REG-PET-FTN,R-PET-FTN-01,lista_explicita,Sur de Petén y vertiente norte agrupados como región analítica FTN ampliada,si,procedimiento_reconstruido,correspondencia_territorial_experta_codificada,pendiente,INAB_DINAMICA_2016_2020,POORTER_ET_AL_2016,1.0.0
16,Alta Verapaz,1610,1610,San Juan Chamelco,REG-PET-FTN,Sur de Petén y tierras bajas de la FTN,elegible_recuperacion_20_anios,REG-PET-FTN,R-PET-FTN-01,lista_explicita,Sur de Petén y vertiente norte agrupados como región analítica FTN ampliada,si,procedimiento_reconstruido,correspondencia_territorial_experta_codificada,pendiente,INAB_DINAMICA_2016_2020,POORTER_ET_AL_2016,1.0.0
16,Alta Verapaz,1611,1611,Lanquín,REG-PET-FTN,Sur de Petén y tierras bajas de la FTN,elegible_recuperacion_20_anios,REG-PET-FTN,R-PET-FTN-01,lista_explicita,Sur de Petén y vertiente norte agrupados como región analítica FTN ampliada,si,procedimiento_reconstruido,correspondencia_territorial_experta_codificada,pendiente,INAB_DINAMICA_2016_2020,POORTER_ET_AL_2016,1.0.0
16,Alta Verapaz,1612,1612,Cahabón,REG-PET-FTN,Sur de Petén y tierras bajas de la FTN,elegible_recuperacion_20_anios,REG-PET-FTN,R-PET-FTN-01,lista_explicita,Sur de Petén y vertiente norte agrupados como región analítica FTN ampliada,si,procedimiento_reconstruido,correspondencia_territorial_experta_codificada,pendiente,INAB_DINAMICA_2016_2020,POORTER_ET_AL_2016,1.0.0
16,Alta Verapaz,1613,1613,Chisec,REG-PET-FTN,Sur de Petén y tierras bajas de la FTN,elegible_recuperacion_20_anios,REG-PET-FTN,R-PET-FTN-01,lista_explicita,Sur de Petén y vertiente norte agrupados como región analítica FTN ampliada,si,procedimiento_reconstruido,correspondencia_territorial_experta_codificada,pendiente,INAB_DINAMICA_2016_2020,POORTER_ET_AL_2016,1.0.0
16,Alta Verapaz,1614,1614,Chahal,REG-PET-FTN,Sur de Petén y tierras bajas de la FTN,elegible_recuperacion_20_anios,REG-PET-FTN,R-PET-FTN-01,lista_explicita,Sur de Petén y vertiente norte agrupados como región analítica FTN ampliada,si,procedimiento_reconstruido,correspondencia_territorial_experta_codificada,pendiente,INAB_DINAMICA_2016_2020,POORTER_ET_AL_2016,1.0.0
16,Alta Verapaz,1615,1615,Fray Bartolomé de las Casas,REG-PET-FTN,Sur de Petén y tierras bajas de la FTN,elegible_recuperacion_20_anios,REG-PET-FTN,R-PET-FTN-01,lista_explicita,Sur de Petén y vertiente norte agrupados como región analítica FTN ampliada,si,procedimiento_reconstruido,correspondencia_territorial_experta_codificada,pendiente,INAB_DINAMICA_2016_2020,POORTER_ET_AL_2016,1.0.0
16,Alta Verapaz,1616,1616,Santa Catalina la Tinta,REG-PET-FTN,Sur de Petén y tierras bajas de la FTN,elegible_recuperacion_20_anios,REG-PET-FTN,R-PET-FTN-01,lista_explicita,Sur de Petén y vertiente norte agrupados como región analítica FTN ampliada,si,procedimiento_reconstruido,correspondencia_territorial_experta_codificada,pendiente,INAB_DINAMICA_2016_2020,POORTER_ET_AL_2016,1.0.0
16,Alta Verapaz,1617,1617,Raxruhá,REG-PET-FTN,Sur de Petén y tierras bajas de la FTN,elegible_recuperacion_20_anios,REG-PET-FTN,R-PET-FTN-01,lista_explicita,Sur de Petén y vertiente norte agrupados como región analítica FTN ampliada,si,procedimiento_reconstruido,correspondencia_territorial_experta_codificada,pendiente,INAB_DINAMICA_2016_2020,POORTER_ET_AL_2016,1.0.0
17,Petén,1701,1701,Flores,REG-PET-N,"Norte de Petén, bosque estacional sobre calizas",elegible_recuperacion_20_anios,REG-PET-N,R-PET-N-01,lista_explicita,Norte y centro de Petén seleccionados como plataforma kárstica y bosque tropical estacional,si,procedimiento_reconstruido,correspondencia_territorial_experta_codificada,pendiente,INAB_DINAMICA_2016_2020,POORTER_ET_AL_2016,1.0.0
17,Petén,1702,1702,San José,REG-PET-N,"Norte de Petén, bosque estacional sobre calizas",elegible_recuperacion_20_anios,REG-PET-N,R-PET-N-01,lista_explicita,Norte y centro de Petén seleccionados como plataforma kárstica y bosque tropical estacional,si,procedimiento_reconstruido,correspondencia_territorial_experta_codificada,pendiente,INAB_DINAMICA_2016_2020,POORTER_ET_AL_2016,1.0.0
17,Petén,1703,1703,San Benito,REG-PET-N,"Norte de Petén, bosque estacional sobre calizas",elegible_recuperacion_20_anios,REG-PET-N,R-PET-N-01,lista_explicita,Norte y centro de Petén seleccionados como plataforma kárstica y bosque tropical estacional,si,procedimiento_reconstruido,correspondencia_territorial_experta_codificada,pendiente,INAB_DINAMICA_2016_2020,POORTER_ET_AL_2016,1.0.0
17,Petén,1704,1704,San Andrés,REG-PET-N,"Norte de Petén, bosque estacional sobre calizas",elegible_recuperacion_20_anios,REG-PET-N,R-PET-N-01,lista_explicita,Norte y centro de Petén seleccionados como plataforma kárstica y bosque tropical estacional,si,procedimiento_reconstruido,correspondencia_territorial_experta_codificada,pendiente,INAB_DINAMICA_2016_2020,POORTER_ET_AL_2016,1.0.0
17,Petén,1705,1705,La Libertad,REG-PET-N,"Norte de Petén, bosque estacional sobre calizas",elegible_recuperacion_20_anios,REG-PET-N,R-PET-N-01,lista_explicita,Norte y centro de Petén seleccionados como plataforma kárstica y bosque tropical estacional,si,procedimiento_reconstruido,correspondencia_territorial_experta_codificada,pendiente,INAB_DINAMICA_2016_2020,POORTER_ET_AL_2016,1.0.0
17,Petén,1706,1706,San Francisco,REG-PET-N,"Norte de Petén, bosque estacional sobre calizas",elegible_recuperacion_20_anios,REG-PET-N,R-PET-N-01,lista_explicita,Norte y centro de Petén seleccionados como plataforma kárstica y bosque tropical estacional,si,procedimiento_reconstruido,correspondencia_territorial_experta_codificada,pendiente,INAB_DINAMICA_2016_2020,POORTER_ET_AL_2016,1.0.0
17,Petén,1707,1707,Santa Ana,REG-PET-N,"Norte de Petén, bosque estacional sobre calizas",elegible_recuperacion_20_anios,REG-PET-N,R-PET-N-01,lista_explicita,Norte y centro de Petén seleccionados como plataforma kárstica y bosque tropical estacional,si,procedimiento_reconstruido,correspondencia_territorial_experta_codificada,pendiente,INAB_DINAMICA_2016_2020,POORTER_ET_AL_2016,1.0.0
17,Petén,1708,1708,Dolores,REG-PET-FTN,Sur de Petén y tierras bajas de la FTN,elegible_recuperacion_20_anios,REG-PET-FTN,R-PET-FTN-01,lista_explicita,Sur de Petén y vertiente norte agrupados como región analítica FTN ampliada,si,procedimiento_reconstruido,correspondencia_territorial_experta_codificada,pendiente,INAB_DINAMICA_2016_2020,POORTER_ET_AL_2016,1.0.0
17,Petén,1709,1709,San Luis,REG-PET-FTN,Sur de Petén y tierras bajas de la FTN,elegible_recuperacion_20_anios,REG-PET-FTN,R-PET-FTN-01,lista_explicita,Sur de Petén y vertiente norte agrupados como región analítica FTN ampliada,si,procedimiento_reconstruido,correspondencia_territorial_experta_codificada,pendiente,INAB_DINAMICA_2016_2020,POORTER_ET_AL_2016,1.0.0
17,Petén,1710,1710,Sayaxché,REG-PET-FTN,Sur de Petén y tierras bajas de la FTN,elegible_recuperacion_20_anios,REG-PET-FTN,R-PET-FTN-01,lista_explicita,Sur de Petén y vertiente norte agrupados como región analítica FTN ampliada,si,procedimiento_reconstruido,correspondencia_territorial_experta_codificada,pendiente,INAB_DINAMICA_2016_2020,POORTER_ET_AL_2016,1.0.0
17,Petén,1711,1711,Melchor de Mencos,REG-PET-N,"Norte de Petén, bosque estacional sobre calizas",elegible_recuperacion_20_anios,REG-PET-N,R-PET-N-01,lista_explicita,Norte y centro de Petén seleccionados como plataforma kárstica y bosque tropical estacional,si,procedimiento_reconstruido,correspondencia_territorial_experta_codificada,pendiente,INAB_DINAMICA_2016_2020,POORTER_ET_AL_2016,1.0.0
17,Petén,1712,1712,Poptún,REG-PET-FTN,Sur de Petén y tierras bajas de la FTN,elegible_recuperacion_20_anios,REG-PET-FTN,R-PET-FTN-01,lista_explicita,Sur de Petén y vertiente norte agrupados como región analítica FTN ampliada,si,procedimiento_reconstruido,correspondencia_territorial_experta_codificada,pendiente,INAB_DINAMICA_2016_2020,POORTER_ET_AL_2016,1.0.0
17,Petén,1713,1713,Las Cruces,REG-PET-N,"Norte de Petén, bosque estacional sobre calizas",elegible_recuperacion_20_anios,REG-PET-N,R-PET-N-01,lista_explicita,Norte y centro de Petén seleccionados como plataforma kárstica y bosque tropical estacional,si,procedimiento_reconstruido,correspondencia_territorial_experta_codificada,pendiente,INAB_DINAMICA_2016_2020,POORTER_ET_AL_2016,1.0.0
17,Petén,1714,1714,El Chal,REG-PET-FTN,Sur de Petén y tierras bajas de la FTN,elegible_recuperacion_20_anios,REG-PET-FTN,R-PET-FTN-01,lista_explicita,Sur de Petén y vertiente norte agrupados como región analítica FTN ampliada,si,procedimiento_reconstruido,correspondencia_territorial_experta_codificada,pendiente,INAB_DINAMICA_2016_2020,POORTER_ET_AL_2016,1.0.0
18,Izabal,1801,1801,Puerto Barrios,REG-TB-HUM,"Tierras bajas húmedas del Caribe, Izabal y Pacífico",elegible_recuperacion_20_anios,REG-TB-HUM,R-TB-HUM-01,lista_explicita,"Caribe, costa y bocacosta húmeda del Pacífico y Costa Cuca",si,procedimiento_reconstruido,correspondencia_territorial_experta_codificada,pendiente,INAB_DINAMICA_2016_2020,POORTER_ET_AL_2016,1.0.0
18,Izabal,1802,1802,Livingston,REG-TB-HUM,"Tierras bajas húmedas del Caribe, Izabal y Pacífico",elegible_recuperacion_20_anios,REG-TB-HUM,R-TB-HUM-01,lista_explicita,"Caribe, costa y bocacosta húmeda del Pacífico y Costa Cuca",si,procedimiento_reconstruido,correspondencia_territorial_experta_codificada,pendiente,INAB_DINAMICA_2016_2020,POORTER_ET_AL_2016,1.0.0
18,Izabal,1803,1803,El Estor,REG-TB-HUM,"Tierras bajas húmedas del Caribe, Izabal y Pacífico",elegible_recuperacion_20_anios,REG-TB-HUM,R-TB-HUM-01,lista_explicita,"Caribe, costa y bocacosta húmeda del Pacífico y Costa Cuca",si,procedimiento_reconstruido,correspondencia_territorial_experta_codificada,pendiente,INAB_DINAMICA_2016_2020,POORTER_ET_AL_2016,1.0.0
18,Izabal,1804,1804,Morales,REG-TB-HUM,"Tierras bajas húmedas del Caribe, Izabal y Pacífico",elegible_recuperacion_20_anios,REG-TB-HUM,R-TB-HUM-01,lista_explicita,"Caribe, costa y bocacosta húmeda del Pacífico y Costa Cuca",si,procedimiento_reconstruido,correspondencia_territorial_experta_codificada,pendiente,INAB_DINAMICA_2016_2020,POORTER_ET_AL_2016,1.0.0
18,Izabal,1805,1805,Los Amates,REG-TB-HUM,"Tierras bajas húmedas del Caribe, Izabal y Pacífico",elegible_recuperacion_20_anios,REG-TB-HUM,R-TB-HUM-01,lista_explicita,"Caribe, costa y bocacosta húmeda del Pacífico y Costa Cuca",si,procedimiento_reconstruido,correspondencia_territorial_experta_codificada,pendiente,INAB_DINAMICA_2016_2020,POORTER_ET_AL_2016,1.0.0
19,Zacapa,1901,1901,Zacapa,REG-SEC-MOT,Corredor seco y valle del Motagua,elegible_recuperacion_20_anios,REG-SEC-MOT,R-SEC-MOT-01,lista_explicita,"Valles secos interiores, Motagua y Salamá-Chixoy",si,procedimiento_reconstruido,correspondencia_territorial_experta_codificada,pendiente,INAB_DINAMICA_2016_2020,POORTER_ET_AL_2016,1.0.0
19,Zacapa,1902,1902,Estanzuela,REG-SEC-MOT,Corredor seco y valle del Motagua,elegible_recuperacion_20_anios,REG-SEC-MOT,R-SEC-MOT-01,lista_explicita,"Valles secos interiores, Motagua y Salamá-Chixoy",si,procedimiento_reconstruido,correspondencia_territorial_experta_codificada,pendiente,INAB_DINAMICA_2016_2020,POORTER_ET_AL_2016,1.0.0
19,Zacapa,1903,1903,Río Hondo,REG-SEC-MOT,Corredor seco y valle del Motagua,elegible_recuperacion_20_anios,REG-SEC-MOT,R-SEC-MOT-01,lista_explicita,"Valles secos interiores, Motagua y Salamá-Chixoy",si,procedimiento_reconstruido,correspondencia_territorial_experta_codificada,pendiente,INAB_DINAMICA_2016_2020,POORTER_ET_AL_2016,1.0.0
19,Zacapa,1904,1904,Gualán,REG-SEC-MOT,Corredor seco y valle del Motagua,elegible_recuperacion_20_anios,REG-SEC-MOT,R-SEC-MOT-01,lista_explicita,"Valles secos interiores, Motagua y Salamá-Chixoy",si,procedimiento_reconstruido,correspondencia_territorial_experta_codificada,pendiente,INAB_DINAMICA_2016_2020,POORTER_ET_AL_2016,1.0.0
19,Zacapa,1905,1905,Teculután,REG-SEC-MOT,Corredor seco y valle del Motagua,elegible_recuperacion_20_anios,REG-SEC-MOT,R-SEC-MOT-01,lista_explicita,"Valles secos interiores, Motagua y Salamá-Chixoy",si,procedimiento_reconstruido,correspondencia_territorial_experta_codificada,pendiente,INAB_DINAMICA_2016_2020,POORTER_ET_AL_2016,1.0.0
19,Zacapa,1906,1906,Usumatlán,REG-SEC-MOT,Corredor seco y valle del Motagua,elegible_recuperacion_20_anios,REG-SEC-MOT,R-SEC-MOT-01,lista_explicita,"Valles secos interiores, Motagua y Salamá-Chixoy",si,procedimiento_reconstruido,correspondencia_territorial_experta_codificada,pendiente,INAB_DINAMICA_2016_2020,POORTER_ET_AL_2016,1.0.0
19,Zacapa,1907,1907,Cabañas,REG-SEC-MOT,Corredor seco y valle del Motagua,elegible_recuperacion_20_anios,REG-SEC-MOT,R-SEC-MOT-01,lista_explicita,"Valles secos interiores, Motagua y Salamá-Chixoy",si,procedimiento_reconstruido,correspondencia_territorial_experta_codificada,pendiente,INAB_DINAMICA_2016_2020,POORTER_ET_AL_2016,1.0.0
19,Zacapa,1908,1908,San Diego,REG-SEC-MOT,Corredor seco y valle del Motagua,elegible_recuperacion_20_anios,REG-SEC-MOT,R-SEC-MOT-01,lista_explicita,"Valles secos interiores, Motagua y Salamá-Chixoy",si,procedimiento_reconstruido,correspondencia_territorial_experta_codificada,pendiente,INAB_DINAMICA_2016_2020,POORTER_ET_AL_2016,1.0.0
19,Zacapa,1909,1909,La Unión,REG-SEC-MOT,Corredor seco y valle del Motagua,elegible_recuperacion_20_anios,REG-SEC-MOT,R-SEC-MOT-01,lista_explicita,"Valles secos interiores, Motagua y Salamá-Chixoy",si,procedimiento_reconstruido,correspondencia_territorial_experta_codificada,pendiente,INAB_DINAMICA_2016_2020,POORTER_ET_AL_2016,1.0.0
19,Zacapa,1910,1910,Huité,REG-SEC-MOT,Corredor seco y valle del Motagua,elegible_recuperacion_20_anios,REG-SEC-MOT,R-SEC-MOT-01,lista_explicita,"Valles secos interiores, Motagua y Salamá-Chixoy",si,procedimiento_reconstruido,correspondencia_territorial_experta_codificada,pendiente,INAB_DINAMICA_2016_2020,POORTER_ET_AL_2016,1.0.0
19,Zacapa,1911,1911,San Jorge,REG-SEC-MOT,Corredor seco y valle del Motagua,elegible_recuperacion_20_anios,REG-SEC-MOT,R-SEC-MOT-01,lista_explicita,"Valles secos interiores, Motagua y Salamá-Chixoy",si,procedimiento_reconstruido,correspondencia_territorial_experta_codificada,pendiente,INAB_DINAMICA_2016_2020,POORTER_ET_AL_2016,1.0.0
20,Chiquimula,2001,2001,Chiquimula,REG-ORI-EST,Bosques estacionales de Oriente,elegible_recuperacion_20_anios,REG-ORI-EST,R-ORI-EST-01,lista_explicita,"Bloque de Chiquimula, Jalapa y Jutiapa tratado como bosque tropical estacional de Oriente",si,procedimiento_reconstruido,correspondencia_territorial_experta_codificada,pendiente,INAB_DINAMICA_2016_2020,POORTER_ET_AL_2016,1.0.0
20,Chiquimula,2002,2002,San José La Arada,REG-ORI-EST,Bosques estacionales de Oriente,elegible_recuperacion_20_anios,REG-ORI-EST,R-ORI-EST-01,lista_explicita,"Bloque de Chiquimula, Jalapa y Jutiapa tratado como bosque tropical estacional de Oriente",si,procedimiento_reconstruido,correspondencia_territorial_experta_codificada,pendiente,INAB_DINAMICA_2016_2020,POORTER_ET_AL_2016,1.0.0
20,Chiquimula,2003,2003,San Juan la Ermita,REG-ORI-EST,Bosques estacionales de Oriente,elegible_recuperacion_20_anios,REG-ORI-EST,R-ORI-EST-01,lista_explicita,"Bloque de Chiquimula, Jalapa y Jutiapa tratado como bosque tropical estacional de Oriente",si,procedimiento_reconstruido,correspondencia_territorial_experta_codificada,pendiente,INAB_DINAMICA_2016_2020,POORTER_ET_AL_2016,1.0.0
20,Chiquimula,2004,2004,Jocotán,REG-ORI-EST,Bosques estacionales de Oriente,elegible_recuperacion_20_anios,REG-ORI-EST,R-ORI-EST-01,lista_explicita,"Bloque de Chiquimula, Jalapa y Jutiapa tratado como bosque tropical estacional de Oriente",si,procedimiento_reconstruido,correspondencia_territorial_experta_codificada,pendiente,INAB_DINAMICA_2016_2020,POORTER_ET_AL_2016,1.0.0
20,Chiquimula,2005,2005,Camotán,REG-ORI-EST,Bosques estacionales de Oriente,elegible_recuperacion_20_anios,REG-ORI-EST,R-ORI-EST-01,lista_explicita,"Bloque de Chiquimula, Jalapa y Jutiapa tratado como bosque tropical estacional de Oriente",si,procedimiento_reconstruido,correspondencia_territorial_experta_codificada,pendiente,INAB_DINAMICA_2016_2020,POORTER_ET_AL_2016,1.0.0
20,Chiquimula,2006,2006,Olopa,REG-ORI-EST,Bosques estacionales de Oriente,elegible_recuperacion_20_anios,REG-ORI-EST,R-ORI-EST-01,lista_explicita,"Bloque de Chiquimula, Jalapa y Jutiapa tratado como bosque tropical estacional de Oriente",si,procedimiento_reconstruido,correspondencia_territorial_experta_codificada,pendiente,INAB_DINAMICA_2016_2020,POORTER_ET_AL_2016,1.0.0
20,Chiquimula,2007,2007,Esquipulas,REG-ORI-EST,Bosques estacionales de Oriente,elegible_recuperacion_20_anios,REG-ORI-EST,R-ORI-EST-01,lista_explicita,"Bloque de Chiquimula, Jalapa y Jutiapa tratado como bosque tropical estacional de Oriente",si,procedimiento_reconstruido,correspondencia_territorial_experta_codificada,pendiente,INAB_DINAMICA_2016_2020,POORTER_ET_AL_2016,1.0.0
20,Chiquimula,2008,2008,Concepción Las Minas,REG-ORI-EST,Bosques estacionales de Oriente,elegible_recuperacion_20_anios,REG-ORI-EST,R-ORI-EST-01,lista_explicita,"Bloque de Chiquimula, Jalapa y Jutiapa tratado como bosque tropical estacional de Oriente",si,procedimiento_reconstruido,correspondencia_territorial_experta_codificada,pendiente,INAB_DINAMICA_2016_2020,POORTER_ET_AL_2016,1.0.0
20,Chiquimula,2009,2009,Quezaltepeque,REG-ORI-EST,Bosques estacionales de Oriente,elegible_recuperacion_20_anios,REG-ORI-EST,R-ORI-EST-01,lista_explicita,"Bloque de Chiquimula, Jalapa y Jutiapa tratado como bosque tropical estacional de Oriente",si,procedimiento_reconstruido,correspondencia_territorial_experta_codificada,pendiente,INAB_DINAMICA_2016_2020,POORTER_ET_AL_2016,1.0.0
20,Chiquimula,2010,2010,San Jacinto,REG-ORI-EST,Bosques estacionales de Oriente,elegible_recuperacion_20_anios,REG-ORI-EST,R-ORI-EST-01,lista_explicita,"Bloque de Chiquimula, Jalapa y Jutiapa tratado como bosque tropical estacional de Oriente",si,procedimiento_reconstruido,correspondencia_territorial_experta_codificada,pendiente,INAB_DINAMICA_2016_2020,POORTER_ET_AL_2016,1.0.0
20,Chiquimula,2011,2011,Ipala,REG-ORI-EST,Bosques estacionales de Oriente,elegible_recuperacion_20_anios,REG-ORI-EST,R-ORI-EST-01,lista_explicita,"Bloque de Chiquimula, Jalapa y Jutiapa tratado como bosque tropical estacional de Oriente",si,procedimiento_reconstruido,correspondencia_territorial_experta_codificada,pendiente,INAB_DINAMICA_2016_2020,POORTER_ET_AL_2016,1.0.0
21,Jalapa,2101,2101,Jalapa,REG-ORI-EST,Bosques estacionales de Oriente,elegible_recuperacion_20_anios,REG-ORI-EST,R-ORI-EST-01,lista_explicita,"Bloque de Chiquimula, Jalapa y Jutiapa tratado como bosque tropical estacional de Oriente",si,procedimiento_reconstruido,correspondencia_territorial_experta_codificada,pendiente,INAB_DINAMICA_2016_2020,POORTER_ET_AL_2016,1.0.0
21,Jalapa,2102,2102,San Pedro Pinula,REG-ORI-EST,Bosques estacionales de Oriente,elegible_recuperacion_20_anios,REG-ORI-EST,R-ORI-EST-01,lista_explicita,"Bloque de Chiquimula, Jalapa y Jutiapa tratado como bosque tropical estacional de Oriente",si,procedimiento_reconstruido,correspondencia_territorial_experta_codificada,pendiente,INAB_DINAMICA_2016_2020,POORTER_ET_AL_2016,1.0.0
21,Jalapa,2103,2103,San Luis Jilotepeque,REG-ORI-EST,Bosques estacionales de Oriente,elegible_recuperacion_20_anios,REG-ORI-EST,R-ORI-EST-01,lista_explicita,"Bloque de Chiquimula, Jalapa y Jutiapa tratado como bosque tropical estacional de Oriente",si,procedimiento_reconstruido,correspondencia_territorial_experta_codificada,pendiente,INAB_DINAMICA_2016_2020,POORTER_ET_AL_2016,1.0.0
21,Jalapa,2104,2104,San Manuel Chaparrón,REG-ORI-EST,Bosques estacionales de Oriente,elegible_recuperacion_20_anios,REG-ORI-EST,R-ORI-EST-01,lista_explicita,"Bloque de Chiquimula, Jalapa y Jutiapa tratado como bosque tropical estacional de Oriente",si,procedimiento_reconstruido,correspondencia_territorial_experta_codificada,pendiente,INAB_DINAMICA_2016_2020,POORTER_ET_AL_2016,1.0.0
21,Jalapa,2105,2105,San Carlos Alzatate,REG-ORI-EST,Bosques estacionales de Oriente,elegible_recuperacion_20_anios,REG-ORI-EST,R-ORI-EST-01,lista_explicita,"Bloque de Chiquimula, Jalapa y Jutiapa tratado como bosque tropical estacional de Oriente",si,procedimiento_reconstruido,correspondencia_territorial_experta_codificada,pendiente,INAB_DINAMICA_2016_2020,POORTER_ET_AL_2016,1.0.0
21,Jalapa,2106,2106,Monjas,REG-ORI-EST,Bosques estacionales de Oriente,elegible_recuperacion_20_anios,REG-ORI-EST,R-ORI-EST-01,lista_explicita,"Bloque de Chiquimula, Jalapa y Jutiapa tratado como bosque tropical estacional de Oriente",si,procedimiento_reconstruido,correspondencia_territorial_experta_codificada,pendiente,INAB_DINAMICA_2016_2020,POORTER_ET_AL_2016,1.0.0
21,Jalapa,2107,2107,Mataquescuintla,REG-ORI-EST,Bosques estacionales de Oriente,elegible_recuperacion_20_anios,REG-ORI-EST,R-ORI-EST-01,lista_explicita,"Bloque de Chiquimula, Jalapa y Jutiapa tratado como bosque tropical estacional de Oriente",si,procedimiento_reconstruido,correspondencia_territorial_experta_codificada,pendiente,INAB_DINAMICA_2016_2020,POORTER_ET_AL_2016,1.0.0
22,Jutiapa,2201,2201,Jutiapa,REG-ORI-EST,Bosques estacionales de Oriente,elegible_recuperacion_20_anios,REG-ORI-EST,R-ORI-EST-01,lista_explicita,"Bloque de Chiquimula, Jalapa y Jutiapa tratado como bosque tropical estacional de Oriente",si,procedimiento_reconstruido,correspondencia_territorial_experta_codificada,pendiente,INAB_DINAMICA_2016_2020,POORTER_ET_AL_2016,1.0.0
22,Jutiapa,2202,2202,El Progreso,REG-ORI-EST,Bosques estacionales de Oriente,elegible_recuperacion_20_anios,REG-ORI-EST,R-ORI-EST-01,lista_explicita,"Bloque de Chiquimula, Jalapa y Jutiapa tratado como bosque tropical estacional de Oriente",si,procedimiento_reconstruido,correspondencia_territorial_experta_codificada,pendiente,INAB_DINAMICA_2016_2020,POORTER_ET_AL_2016,1.0.0
22,Jutiapa,2203,2203,Santa Catarina Mita,REG-ORI-EST,Bosques estacionales de Oriente,elegible_recuperacion_20_anios,REG-ORI-EST,R-ORI-EST-01,lista_explicita,"Bloque de Chiquimula, Jalapa y Jutiapa tratado como bosque tropical estacional de Oriente",si,procedimiento_reconstruido,correspondencia_territorial_experta_codificada,pendiente,INAB_DINAMICA_2016_2020,POORTER_ET_AL_2016,1.0.0
22,Jutiapa,2204,2204,Agua Blanca,REG-ORI-EST,Bosques estacionales de Oriente,elegible_recuperacion_20_anios,REG-ORI-EST,R-ORI-EST-01,lista_explicita,"Bloque de Chiquimula, Jalapa y Jutiapa tratado como bosque tropical estacional de Oriente",si,procedimiento_reconstruido,correspondencia_territorial_experta_codificada,pendiente,INAB_DINAMICA_2016_2020,POORTER_ET_AL_2016,1.0.0
22,Jutiapa,2205,2205,Asunción Mita,REG-ORI-EST,Bosques estacionales de Oriente,elegible_recuperacion_20_anios,REG-ORI-EST,R-ORI-EST-01,lista_explicita,"Bloque de Chiquimula, Jalapa y Jutiapa tratado como bosque tropical estacional de Oriente",si,procedimiento_reconstruido,correspondencia_territorial_experta_codificada,pendiente,INAB_DINAMICA_2016_2020,POORTER_ET_AL_2016,1.0.0
22,Jutiapa,2206,2206,Yupiltepeque,REG-ORI-EST,Bosques estacionales de Oriente,elegible_recuperacion_20_anios,REG-ORI-EST,R-ORI-EST-01,lista_explicita,"Bloque de Chiquimula, Jalapa y Jutiapa tratado como bosque tropical estacional de Oriente",si,procedimiento_reconstruido,correspondencia_territorial_experta_codificada,pendiente,INAB_DINAMICA_2016_2020,POORTER_ET_AL_2016,1.0.0
22,Jutiapa,2207,2207,Atescatempa,REG-ORI-EST,Bosques estacionales de Oriente,elegible_recuperacion_20_anios,REG-ORI-EST,R-ORI-EST-01,lista_explicita,"Bloque de Chiquimula, Jalapa y Jutiapa tratado como bosque tropical estacional de Oriente",si,procedimiento_reconstruido,correspondencia_territorial_experta_codificada,pendiente,INAB_DINAMICA_2016_2020,POORTER_ET_AL_2016,1.0.0
22,Jutiapa,2208,2208,Jerez,REG-ORI-EST,Bosques estacionales de Oriente,elegible_recuperacion_20_anios,REG-ORI-EST,R-ORI-EST-01,lista_explicita,"Bloque de Chiquimula, Jalapa y Jutiapa tratado como bosque tropical estacional de Oriente",si,procedimiento_reconstruido,correspondencia_territorial_experta_codificada,pendiente,INAB_DINAMICA_2016_2020,POORTER_ET_AL_2016,1.0.0
22,Jutiapa,2209,2209,El Adelanto,REG-ORI-EST,Bosques estacionales de Oriente,elegible_recuperacion_20_anios,REG-ORI-EST,R-ORI-EST-01,lista_explicita,"Bloque de Chiquimula, Jalapa y Jutiapa tratado como bosque tropical estacional de Oriente",si,procedimiento_reconstruido,correspondencia_territorial_experta_codificada,pendiente,INAB_DINAMICA_2016_2020,POORTER_ET_AL_2016,1.0.0
22,Jutiapa,2210,2210,Zapotitlán,REG-ORI-EST,Bosques estacionales de Oriente,elegible_recuperacion_20_anios,REG-ORI-EST,R-ORI-EST-01,lista_explicita,"Bloque de Chiquimula, Jalapa y Jutiapa tratado como bosque tropical estacional de Oriente",si,procedimiento_reconstruido,correspondencia_territorial_experta_codificada,pendiente,INAB_DINAMICA_2016_2020,POORTER_ET_AL_2016,1.0.0
22,Jutiapa,2211,2211,Comapa,REG-ORI-EST,Bosques estacionales de Oriente,elegible_recuperacion_20_anios,REG-ORI-EST,R-ORI-EST-01,lista_explicita,"Bloque de Chiquimula, Jalapa y Jutiapa tratado como bosque tropical estacional de Oriente",si,procedimiento_reconstruido,correspondencia_territorial_experta_codificada,pendiente,INAB_DINAMICA_2016_2020,POORTER_ET_AL_2016,1.0.0
22,Jutiapa,2212,2212,Jalpatagua,REG-ORI-EST,Bosques estacionales de Oriente,elegible_recuperacion_20_anios,REG-ORI-EST,R-ORI-EST-01,lista_explicita,"Bloque de Chiquimula, Jalapa y Jutiapa tratado como bosque tropical estacional de Oriente",si,procedimiento_reconstruido,correspondencia_territorial_experta_codificada,pendiente,INAB_DINAMICA_2016_2020,POORTER_ET_AL_2016,1.0.0
22,Jutiapa,2213,2213,Conguaco,REG-ORI-EST,Bosques estacionales de Oriente,elegible_recuperacion_20_anios,REG-ORI-EST,R-ORI-EST-01,lista_explicita,"Bloque de Chiquimula, Jalapa y Jutiapa tratado como bosque tropical estacional de Oriente",si,procedimiento_reconstruido,correspondencia_territorial_experta_codificada,pendiente,INAB_DINAMICA_2016_2020,POORTER_ET_AL_2016,1.0.0
22,Jutiapa,2214,2214,Moyuta,REG-ORI-EST,Bosques estacionales de Oriente,elegible_recuperacion_20_anios,REG-ORI-EST,R-ORI-EST-01,lista_explicita,"Bloque de Chiquimula, Jalapa y Jutiapa tratado como bosque tropical estacional de Oriente",si,procedimiento_reconstruido,correspondencia_territorial_experta_codificada,pendiente,INAB_DINAMICA_2016_2020,POORTER_ET_AL_2016,1.0.0
22,Jutiapa,2215,2215,Pasaco,REG-ORI-EST,Bosques estacionales de Oriente,elegible_recuperacion_20_anios,REG-ORI-EST,R-ORI-EST-01,lista_explicita,"Bloque de Chiquimula, Jalapa y Jutiapa tratado como bosque tropical estacional de Oriente",si,procedimiento_reconstruido,correspondencia_territorial_experta_codificada,pendiente,INAB_DINAMICA_2016_2020,POORTER_ET_AL_2016,1.0.0
22,Jutiapa,2216,2216,San José Acatempa,REG-ORI-EST,Bosques estacionales de Oriente,elegible_recuperacion_20_anios,REG-ORI-EST,R-ORI-EST-01,lista_explicita,"Bloque de Chiquimula, Jalapa y Jutiapa tratado como bosque tropical estacional de Oriente",si,procedimiento_reconstruido,correspondencia_territorial_experta_codificada,pendiente,INAB_DINAMICA_2016_2020,POORTER_ET_AL_2016,1.0.0
22,Jutiapa,2217,2217,Quesada,REG-ORI-EST,Bosques estacionales de Oriente,elegible_recuperacion_20_anios,REG-ORI-EST,R-ORI-EST-01,lista_explicita,"Bloque de Chiquimula, Jalapa y Jutiapa tratado como bosque tropical estacional de Oriente",si,procedimiento_reconstruido,correspondencia_territorial_experta_codificada,pendiente,INAB_DINAMICA_2016_2020,POORTER_ET_AL_2016,1.0.0
